-- Drop tables and views first (in case they are there)
  drop table airline_agents;
  drop table bookings;
  drop table tickets;
  drop table passengers;
  drop table users;
  drop table flight_fares;
  drop table fares;
  drop table sch_flights;
  drop table flights;
  drop table airports;

create table airports (
  acode		char(3),
  name		char(30),
  city		char(15),
  country	char(15),
  tzone		int,
  primary key (acode)
);
create table flights (
  flightno	char(6),
  src		char(3),
  dst		char(3),
  dep_time	date,
  est_dur	int,	-- will keep it in minutes
  primary key (flightno),
  foreign key (src) references airports,
  foreign key (dst) references airports
);
create table sch_flights (
  flightno	char(6),
  dep_date	date,
  act_dep_time	date,
  act_arr_time	date,
  primary key (flightno,dep_date),
  foreign key (flightno) references flights 
	on delete cascade
);
create table fares (
  fare		char(2),
  descr		char(15),
  primary key (fare)
);
create table flight_fares (
  flightno	char(6),
  fare		char(2),
  limit		int,
  price		float,
  bag_allow	int,
  primary key (flightno,fare),
  foreign key (flightno) references flights,
  foreign key (fare) references fares
);
create table users (
  email         char(20),
  pass		char(4),
  last_login	date,
  primary key (email)
);
create table passengers (
  email		char(20),
  name		char(20),
  country	char(10),
  primary key (email,name)
);
create table tickets (
  tno		int,
  name		char(20),
  email		char(20),
  paid_price	float,
  primary key (tno),
  foreign key (email,name) references passengers
);
create table bookings (
  tno		int,
  flightno	char(6),
  fare		char(2),
  dep_date	date,
  seat		char(3),
  primary key (tno,flightno,dep_date),
  foreign key (tno) references tickets,
  foreign key (flightno,dep_date) references sch_flights,
  foreign key (fare) references fares
);
create table airline_agents (
  email         char(20),
  name		char(20),
  primary key (email),
  foreign key (email) references users
);




insert into airports values ('A39','Phoenix Regional Airport','Phoenix','United States','-7');
insert into airports values ('ABL','Ambler Airport','Ambler','United States','-9');
insert into airports values ('ALB','Albany Intl','Albany','United States','-5');
insert into airports values ('ALO','Waterloo Regional Airport','Waterloo','United States','-6');
insert into airports values ('APA','Centennial','Denver','United States','-7');
insert into airports values ('BET','Bethel','Bethel','United States','-9');
insert into airports values ('BFI','Boeing Fld King Co Intl','Seattle','United States','-8');
insert into airports values ('BHM','Birmingham Intl','Birmingham','United States','-6');
insert into airports values ('BVY','Beverly Municipal Airport','Beverly','United States','-5');
insert into airports values ('C16','Frasca Field','Urbana','United States','-6');
insert into airports values ('CEN','Ciudad Obregon Intl','Ciudad Obregon','Mexico','-7');
insert into airports values ('CMH','Port Columbus Intl','Columbus','United States','-5');
insert into airports values ('CRP','Corpus Christi Intl','Corpus Christi','United States','-6');
insert into airports values ('CRW','Yeager','Charleston','United States','-5');
insert into airports values ('EGX','Egegik Airport','Egegik','United States','-9');
insert into airports values ('EMP','Emporia Municipal Airport','Emporia','United States','-6');
insert into airports values ('EPM','Eastport Municipal Airport','Eastport','United States','-5');
insert into airports values ('FTK','Godman Aaf','Fort Knox','United States','-5');
insert into airports values ('FYV','Drake Fld','Fayetteville','United States','-6');
insert into airports values ('GTF','Great Falls Intl','Great Falls','United States','-7');
insert into airports values ('GUP','Gallup Muni','Gallup','United States','-7');
insert into airports values ('HYL','Hollis Seaplane Base','Hollis','United States','-9');
insert into airports values ('INT','Smith Reynolds','Winston-salem','United States','-5');
insert into airports values ('IWS','West Houston','Houston','United States','-6');
insert into airports values ('JAX','Jacksonville Intl','Jacksonville','United States','-5');
insert into airports values ('JEF','Jefferson City Memorial Arpt','Jefferson City','United States','-6');
insert into airports values ('KCC','Coffman Cove Seaplane Base','Coffman Cove','United States','-9');
insert into airports values ('KWN','Quinhagak Airport','Quinhagak','United States','-9');
insert into airports values ('LAK','Aklavik','Aklavik','Canada','-7');
insert into airports values ('LAX','LA Intl Airport','Los Angeles','United States','-8');
insert into airports values ('LGB','Long Beach','Long Beach','United States','-8');
insert into airports values ('LMM','Valle Del Fuerte Intl','Los Mochis','Mexico','-7');
insert into airports values ('LRF','Little Rock Afb','Jacksonville','United States','-6');
insert into airports values ('LUF','Luke Afb','Phoenix','United States','-7');
insert into airports values ('LWS','Lewiston Nez Perce Co','Lewiston','United States','-8');
insert into airports values ('MAE','Madera Municipal Airport','Madera','United States','-8');
insert into airports values ('MCF','Macdill Afb','Tampa','United States','-5');
insert into airports values ('MCK','McCook Regional Airport','McCook','United States','-6');
insert into airports values ('MCN','Middle Georgia Rgnl','Macon','United States','-5');
insert into airports values ('MEM','Memphis Intl','Memphis','United States','-6');
insert into airports values ('MFE','Mc Allen Miller Intl','Mcallen','United States','-6');
insert into airports values ('MHR','Sacramento Mather','Sacramento','United States','-8');
insert into airports values ('MHV','Mojave','Mojave','United States','-8');
insert into airports values ('MNZ','Manassas','Manassas','United States','-5');
insert into airports values ('MPV','Edward F Knapp State','Montpelier','United States','-5');
insert into airports values ('MRI','Merrill Fld','Anchorage','United States','-9');
insert into airports values ('MSN','Dane Co Rgnl Truax Fld','Madison','United States','-6');
insert into airports values ('MVY','Marthas Vineyard','Vineyard Haven','United States','-5');
insert into airports values ('MXF','Maxwell Afb','Montgomery','United States','-6');
insert into airports values ('MXY','McCarthy Airport','McCarthy','United States','-9');
insert into airports values ('N69','Stormville Airport','Stormville','United States','-5');
insert into airports values ('NBG','New Orleans Nas Jrb','New Orleans','United States','-6');
insert into airports values ('NLD','Quetzalcoatl Intl','Nuevo Laredo','Mexico','-6');
insert into airports values ('NML','Ft McMurray-Mildred Lake Arpt','Fort McMurray','Canada','-7');
insert into airports values ('NUW','Whidbey Island Nas','Whidbey Island','United States','-8');
insert into airports values ('NZY','North Island Nas','San Diego','United States','-8');
insert into airports values ('OLH','Old Harbor Airport','Old Harbor','United States','-9');
insert into airports values ('ORD','Chicago Ohare Intl','Chicago','United States','-6');
insert into airports values ('ORH','Worcester Regional Airport','Worcester','United States','-5');
insert into airports values ('OSH','Wittman Regional Airport','Oshkosh','United States','-6');
insert into airports values ('OSU','Ohio State University Airport','Columbus','United States','-5');
insert into airports values ('PDX','Portland Intl','Portland','United States','-8');
insert into airports values ('PIE','St Petersburg Clearwater Intl','St. Petersburg','United States','-5');
insert into airports values ('PIH','Pocatello Regional Airport','Pocatello','United States','-7');
insert into airports values ('PNM','Princeton Muni','Princeton','United States','-6');
insert into airports values ('PTB','Dinwiddie County Airport','Petersburg','United States','-5');
insert into airports values ('PVU','Provo Municipal Airport','Provo','United States','-7');
insert into airports values ('PWT','Bremerton National','Bremerton','United States','-8');
insert into airports values ('RAC','John H. Batten Airport','Racine','United States','-6');
insert into airports values ('RIR','Flabob Airport','Riverside','United States','-8');
insert into airports values ('ROA','Roanoke Regional','Roanoke VA','United States','-5');
insert into airports values ('RSW','Southwest Florida Intl','Fort Myers','United States','-5');
insert into airports values ('SAV','Savannah Hilton Head Intl','Savannah','United States','-5');
insert into airports values ('SGJ','St. Augustine Airport','St. Augustine','United States','-5');
insert into airports values ('SJT','San Angelo Rgnl Mathis Fld','San Angelo','United States','-6');
insert into airports values ('SKK','Shaktoolik Airport','Shaktoolik','United States','-9');
insert into airports values ('SSI','McKinnon Airport','Brunswick','United States','-5');
insert into airports values ('STE','Stevens Point Municipal Arpt','Stevens Point','United States','-6');
insert into airports values ('TCL','Tuscaloosa Rgnl','Tuscaloosa AL','United States','-6');
insert into airports values ('TKF','Truckee-Tahoe Airport','Truckee','United States','-8');
insert into airports values ('TOL','Toledo','Toledo','United States','-5');
insert into airports values ('TSS','East 34th Street Heliport','New York','United States','-5');
insert into airports values ('TWF','Magic Valley Regional Airport','Twin Falls','United States','-7');
insert into airports values ('TYR','Tyler Pounds Rgnl','Tyler','United States','-6');
insert into airports values ('UDD','Bermuda Dunes Airport','Palm Springs','United States','-8');
insert into airports values ('UST','St. Augustine Airport','St. Augustine','United States','-5');
insert into airports values ('UUK','Ugnu-Kuparuk Airport','Kuparuk','United States','-9');
insert into airports values ('VAK','Chevak Airport','Chevak','United States','-9');
insert into airports values ('VSF','Hartness State','Springfield VT','United States','-5');
insert into airports values ('WIH','Wishram Amtrak Station','Wishram','United States','-8');
insert into airports values ('WRL','Worland Municipal Airport','Worland','United States','-7');
insert into airports values ('WWT','Newtok Airport','Newtok','United States','-9');
insert into airports values ('X01','Everglades Airpark','Everglades','United States','-5');
insert into airports values ('X49','South Lakeland Airport','Lakeland','United States','-5');
insert into airports values ('XAD','Train Station','Churchill','Canada','-6');
insert into airports values ('XKS','Kasabonika Airport','Kasabonika','Canada','-5');
insert into airports values ('XLB','Lac Brochet Airport','Lac Brochet','Canada','-6');
insert into airports values ('YBI','Black Tickle Airport','Black Tickle','Canada','-4');
insert into airports values ('YCL','Charlo','Charlo','Canada','-4');
insert into airports values ('YEG','Edmonton Intl Airport','Edmonton','Canada','-7');
insert into airports values ('YFS','Fort Simpson','Fort Simpson','Canada','-7');
insert into airports values ('YGB','Texada Gillies Bay Airport','Texada','Canada','-8');
insert into airports values ('YGP','Gaspe','Gaspe','Canada','-5');
insert into airports values ('YNE','Norway House Airport','Norway House','Canada','-6');
insert into airports values ('YOJ','High Level','High Level','Canada','-7');
insert into airports values ('YRJ','Roberval','Roberval','Canada','-5');
insert into airports values ('YUM','Yuma Mcas Yuma Intl','Yuma','United States','-7');
insert into airports values ('YVV','Wiarton','Wiarton','Canada','-5');
insert into airports values ('YWK','Wabush','Wabush','Canada','-4');
insert into airports values ('YZF','Yellowknife','Yellowknife','Canada','-7');
insert into airports values ('ZRA','Atlantic City Rail Terminal','Atlantic City','United States','-5');
insert into airports values ('YYZ','Pearson Intll Airport','Toronto','Canada','-5');




insert into flights values ('AC499','XKS','MPV',to_date('08:34', 'hh24:mi'),'308');
insert into flights values ('AC282','APA','MEM',to_date('03:18', 'hh24:mi'),'176');
insert into flights values ('AC685','N69','ALB',to_date('03:58', 'hh24:mi'),'280');
insert into flights values ('AC173','LUF','YFS',to_date('12:20', 'hh24:mi'),'328');
insert into flights values ('AC343','CMH','XKS',to_date('12:43', 'hh24:mi'),'280');
insert into flights values ('WJ311','YEG','HYL',to_date('15:42', 'hh24:mi'),'331');
insert into flights values ('WJ442','YEG','EPM',to_date('17:01', 'hh24:mi'),'41');
insert into flights values ('WJ385','YEG','GUP',to_date('00:33', 'hh24:mi'),'381');
insert into flights values ('WJ1060','YEG','ALB',to_date('04:42', 'hh24:mi'),'334');
insert into flights values ('WJ320','YEG','YCL',to_date('03:41', 'hh24:mi'),'422');
insert into flights values ('WJ877','YEG','KWN',to_date('02:52', 'hh24:mi'),'14');
insert into flights values ('WJ759','YEG','YZF',to_date('05:14', 'hh24:mi'),'252');
insert into flights values ('WJ1209','YEG','LAX',to_date('21:07', 'hh24:mi'),'388');
insert into flights values ('WJ858','MVY','LAX',to_date('16:30', 'hh24:mi'),'49');
insert into flights values ('WJ930','CEN','LAX',to_date('13:42', 'hh24:mi'),'347');
insert into flights values ('WJ887','EMP','LAX',to_date('07:30', 'hh24:mi'),'362');
insert into flights values ('WJ518','RSW','LAX',to_date('06:25', 'hh24:mi'),'376');
insert into flights values ('WJ313','WIH','LAX',to_date('04:26', 'hh24:mi'),'64');
insert into flights values ('WJ1309','A39','LAX',to_date('22:24', 'hh24:mi'),'30');
insert into flights values ('WJ166','INT','LAX',to_date('02:31', 'hh24:mi'),'68');
insert into flights values ('WJ608','ALO','LAX',to_date('10:27', 'hh24:mi'),'59');
insert into flights values ('WJ650','YOJ','LAX',to_date('12:19', 'hh24:mi'),'165');
insert into flights values ('WJ214','C16','LAX',to_date('17:07', 'hh24:mi'),'325');
insert into flights values ('WJ476','YCL','LAX',to_date('01:16', 'hh24:mi'),'206');
insert into flights values ('WJ733','YEG','LAX',to_date('19:37', 'hh24:mi'),'442');
insert into flights values ('WJ1079','YEG','LAX',to_date('03:17', 'hh24:mi'),'13');
insert into flights values ('WJ277','YEG','XAD',to_date('11:00', 'hh24:mi'),'153');
insert into flights values ('WJ606','YEG','LWS',to_date('10:49', 'hh24:mi'),'299');
insert into flights values ('WJ871','YEG','INT',to_date('12:49', 'hh24:mi'),'97');
insert into flights values ('WJ1112','YEG','YUM',to_date('00:16', 'hh24:mi'),'7');
insert into flights values ('WJ892','UST','YOJ',to_date('05:25', 'hh24:mi'),'44');
insert into flights values ('WJ1425','MAE','LMM',to_date('09:02', 'hh24:mi'),'397');
insert into flights values ('WJ676','BHM','ZRA',to_date('00:22', 'hh24:mi'),'111');
insert into flights values ('WJ356','EGX','GTF',to_date('13:54', 'hh24:mi'),'298');
insert into flights values ('WJ1187','XLB','VSF',to_date('10:54', 'hh24:mi'),'87');
insert into flights values ('WJ137','YVV','CMH',to_date('22:19', 'hh24:mi'),'38');
insert into flights values ('WJ1466','YWK','JEF',to_date('19:17', 'hh24:mi'),'195');
insert into flights values ('WJ742','KCC','YGP',to_date('16:42', 'hh24:mi'),'283');
insert into flights values ('WJ1082','FYV','CRP',to_date('13:30', 'hh24:mi'),'14');
insert into flights values ('WJ336','VSF','LUF',to_date('14:30', 'hh24:mi'),'163');
insert into flights values ('WJ1274','A39','YGB',to_date('12:40', 'hh24:mi'),'436');
insert into flights values ('WJ1319','TSS','LAK',to_date('08:02', 'hh24:mi'),'410');
insert into flights values ('WJ220','BVY','YRJ',to_date('14:58', 'hh24:mi'),'146');
insert into flights values ('WJ708','BET','FTK',to_date('02:37', 'hh24:mi'),'153');
insert into flights values ('WJ477','YEG','WIH',to_date('09:24', 'hh24:mi'),'41');
insert into flights values ('WJ1311','MVY','IWS',to_date('11:37', 'hh24:mi'),'120');
insert into flights values ('WJ982','LAK','YNE',to_date('09:05', 'hh24:mi'),'463');
insert into flights values ('WJ750','CRW','JAX',to_date('09:54', 'hh24:mi'),'432');
insert into flights values ('WJ1158','BFI','ABL',to_date('06:13', 'hh24:mi'),'490');
insert into flights values ('WJ1622','N69','LAX',to_date('06:31', 'hh24:mi'),'377');
insert into flights values ('WJ2467','MEM','PDX',to_date('16:00', 'hh24:mi'),'162');
insert into flights values ('WJ1825','LWS','MXY',to_date('11:56', 'hh24:mi'),'121');
insert into flights values ('WJ1529','SJT','XAD',to_date('19:12', 'hh24:mi'),'88');
insert into flights values ('WJ1976','ROA','TWF',to_date('15:30', 'hh24:mi'),'338');
insert into flights values ('WJ1524','OLH','PDX',to_date('16:07', 'hh24:mi'),'133');
insert into flights values ('WJ2029','X49','MNZ',to_date('18:30', 'hh24:mi'),'188');
insert into flights values ('WJ1697','MHR','RSW',to_date('08:58', 'hh24:mi'),'462');
insert into flights values ('WJ2271','X49','PTB',to_date('00:35', 'hh24:mi'),'494');
insert into flights values ('WJ1853','TKF','TYR',to_date('08:27', 'hh24:mi'),'482');
insert into flights values ('WJ1945','XLB','MEM',to_date('20:17', 'hh24:mi'),'127');
insert into flights values ('WJ1916','TSS','PIE',to_date('17:46', 'hh24:mi'),'23');
insert into flights values ('WJ1894','OSH','NUW',to_date('14:46', 'hh24:mi'),'72');
insert into flights values ('WJ2054','NBG','LRF',to_date('13:09', 'hh24:mi'),'329');
insert into flights values ('WJ2489','OLH','RIR',to_date('15:15', 'hh24:mi'),'252');
insert into flights values ('WJ2074','ORD','MSN',to_date('07:39', 'hh24:mi'),'294');
insert into flights values ('WJ2368','LRF','MEM',to_date('04:22', 'hh24:mi'),'112');
insert into flights values ('WJ1968','SSI','PIE',to_date('04:21', 'hh24:mi'),'319');
insert into flights values ('WJ1934','OSU','YEG',to_date('02:20', 'hh24:mi'),'361');
insert into flights values ('WJ2438','TKF','PIE',to_date('01:21', 'hh24:mi'),'3');
insert into flights values ('WJ1559','SKK','YCL',to_date('14:47', 'hh24:mi'),'22');
insert into flights values ('WJ2106','TCL','MHV',to_date('02:29', 'hh24:mi'),'91');
insert into flights values ('AC2231','LWS','MCF',to_date('03:02', 'hh24:mi'),'95');
insert into flights values ('AC1794','MCK','LGB',to_date('05:57', 'hh24:mi'),'16');
insert into flights values ('AC1780','MEM','UUK',to_date('00:31', 'hh24:mi'),'53');
insert into flights values ('AC2007','UST','RSW',to_date('02:52', 'hh24:mi'),'140');
insert into flights values ('AC1048','X49','TYR',to_date('18:36', 'hh24:mi'),'26');
insert into flights values ('AC1674','UDD','YEG',to_date('11:39', 'hh24:mi'),'133');
insert into flights values ('AC1628','MVY','PIH',to_date('12:57', 'hh24:mi'),'364');
insert into flights values ('AC1146','MNZ','LMM',to_date('04:13', 'hh24:mi'),'77');
insert into flights values ('AC1171','MRI','SAV',to_date('03:40', 'hh24:mi'),'401');
insert into flights values ('AC1668','PVU','ORH',to_date('05:40', 'hh24:mi'),'294');
insert into flights values ('AC1909','MNZ','PNM',to_date('03:49', 'hh24:mi'),'89');
insert into flights values ('AC2123','MFE','UUK',to_date('06:55', 'hh24:mi'),'307');
insert into flights values ('AC2286','NML','UST',to_date('08:47', 'hh24:mi'),'148');
insert into flights values ('AC2177','RIR','SKK',to_date('12:03', 'hh24:mi'),'479');
insert into flights values ('AC1633','STE','SGJ',to_date('12:59', 'hh24:mi'),'457');
insert into flights values ('AC1149','MNZ','MEM',to_date('19:39', 'hh24:mi'),'47');
insert into flights values ('AC1985','MAE','TOL',to_date('05:16', 'hh24:mi'),'84');
insert into flights values ('AC1756','MRI','WWT',to_date('12:33', 'hh24:mi'),'296');
insert into flights values ('AC1082','YBI','LGB',to_date('07:33', 'hh24:mi'),'272');
insert into flights values ('AC1760','VAK','RAC',to_date('01:07', 'hh24:mi'),'175');
insert into flights values ('AC1950','MXF','LGB',to_date('13:30', 'hh24:mi'),'273');
insert into flights values ('AC1658','SKK','X01',to_date('15:06', 'hh24:mi'),'147');
insert into flights values ('AC1933','ORD','SAV',to_date('05:40', 'hh24:mi'),'259');
insert into flights values ('AC1553','MEM','NML',to_date('02:53', 'hh24:mi'),'260');
insert into flights values ('AC1001','WRL','NZY',to_date('12:29', 'hh24:mi'),'184');
insert into flights values ('AC1564','LRF','RIR',to_date('08:45', 'hh24:mi'),'115');
insert into flights values ('AC1207','NLD','MRI',to_date('08:46', 'hh24:mi'),'96');
insert into flights values ('AC2419','PWT','MCN',to_date('05:19', 'hh24:mi'),'246');
insert into flights values ('AC2378','YEG','YYZ',to_date('06:03', 'hh24:mi'),'262');





insert into sch_flights values ('AC343',to_date('13-Sep-2015','DD-Mon-YYYY'),to_date('14:42', 'hh24:mi'),to_date('19:22', 'hh24:mi'));
insert into sch_flights values ('AC499',to_date('31-Dec-2015','DD-Mon-YYYY'),to_date('', 'hh24:mi'),to_date('', 'hh24:mi'));
insert into sch_flights values ('AC685',to_date('06-Sep-2015','DD-Mon-YYYY'),to_date('04:54', 'hh24:mi'),to_date('09:34', 'hh24:mi'));
insert into sch_flights values ('AC173',to_date('29-Dec-2015','DD-Mon-YYYY'),to_date('', 'hh24:mi'),to_date('', 'hh24:mi'));
insert into sch_flights values ('AC282',to_date('29-Dec-2015','DD-Mon-YYYY'),to_date('', 'hh24:mi'),to_date('', 'hh24:mi'));
insert into sch_flights values ('AC499',to_date('22-Sep-2015','DD-Mon-YYYY'),to_date('10:37', 'hh24:mi'),to_date('15:45', 'hh24:mi'));
insert into sch_flights values ('WJ1968',to_date('07-Sep-2015','DD-Mon-YYYY'),to_date('04:41', 'hh24:mi'),to_date('10:49', 'hh24:mi'));
insert into sch_flights values ('WJ877',to_date('02-Sep-2015','DD-Mon-YYYY'),to_date('03:05', 'hh24:mi'),to_date('03:46', 'hh24:mi'));
insert into sch_flights values ('WJ892',to_date('15-Sep-2015','DD-Mon-YYYY'),to_date('05:37', 'hh24:mi'),to_date('06:54', 'hh24:mi'));
insert into sch_flights values ('WJ1894',to_date('10-Sep-2015','DD-Mon-YYYY'),to_date('15:42', 'hh24:mi'),to_date('17:16', 'hh24:mi'));
insert into sch_flights values ('WJ608',to_date('11-Dec-2015','DD-Mon-YYYY'),to_date('', 'hh24:mi'),to_date('', 'hh24:mi'));
insert into sch_flights values ('WJ2489',to_date('23-Dec-2015','DD-Mon-YYYY'),to_date('', 'hh24:mi'),to_date('', 'hh24:mi'));
insert into sch_flights values ('WJ518',to_date('01-Sep-2015','DD-Mon-YYYY'),to_date('07:11', 'hh24:mi'),to_date('13:48', 'hh24:mi'));
insert into sch_flights values ('AC2231',to_date('03-Dec-2015','DD-Mon-YYYY'),to_date('', 'hh24:mi'),to_date('', 'hh24:mi'));
insert into sch_flights values ('AC1149',to_date('07-Dec-2015','DD-Mon-YYYY'),to_date('', 'hh24:mi'),to_date('', 'hh24:mi'));
insert into sch_flights values ('AC1082',to_date('05-Sep-2015','DD-Mon-YYYY'),to_date('07:54', 'hh24:mi'),to_date('13:17', 'hh24:mi'));
insert into sch_flights values ('WJ1853',to_date('25-Sep-2015','DD-Mon-YYYY'),to_date('08:52', 'hh24:mi'),to_date('17:08', 'hh24:mi'));
insert into sch_flights values ('WJ608',to_date('26-Dec-2015','DD-Mon-YYYY'),to_date('', 'hh24:mi'),to_date('', 'hh24:mi'));
insert into sch_flights values ('AC1674',to_date('18-Dec-2015','DD-Mon-YYYY'),to_date('', 'hh24:mi'),to_date('', 'hh24:mi'));
insert into sch_flights values ('WJ311',to_date('30-Dec-2015','DD-Mon-YYYY'),to_date('', 'hh24:mi'),to_date('', 'hh24:mi'));
insert into sch_flights values ('AC2007',to_date('15-Sep-2015','DD-Mon-YYYY'),to_date('03:05', 'hh24:mi'),to_date('05:30', 'hh24:mi'));
insert into sch_flights values ('WJ676',to_date('05-Dec-2015','DD-Mon-YYYY'),to_date('', 'hh24:mi'),to_date('', 'hh24:mi'));
insert into sch_flights values ('WJ1894',to_date('20-Dec-2015','DD-Mon-YYYY'),to_date('', 'hh24:mi'),to_date('', 'hh24:mi'));
insert into sch_flights values ('WJ1825',to_date('19-Dec-2015','DD-Mon-YYYY'),to_date('', 'hh24:mi'),to_date('', 'hh24:mi'));
insert into sch_flights values ('AC2419',to_date('06-Sep-2015','DD-Mon-YYYY'),to_date('06:12', 'hh24:mi'),to_date('10:18', 'hh24:mi'));
insert into sch_flights values ('WJ356',to_date('02-Dec-2015','DD-Mon-YYYY'),to_date('', 'hh24:mi'),to_date('', 'hh24:mi'));
insert into sch_flights values ('WJ930',to_date('10-Dec-2015','DD-Mon-YYYY'),to_date('', 'hh24:mi'),to_date('', 'hh24:mi'));
insert into sch_flights values ('WJ2438',to_date('05-Sep-2015','DD-Mon-YYYY'),to_date('02:07', 'hh24:mi'),to_date('02:23', 'hh24:mi'));
insert into sch_flights values ('WJ356',to_date('02-Sep-2015','DD-Mon-YYYY'),to_date('14:28', 'hh24:mi'),to_date('19:29', 'hh24:mi'));
insert into sch_flights values ('WJ742',to_date('05-Sep-2015','DD-Mon-YYYY'),to_date('17:37', 'hh24:mi'),to_date('22:42', 'hh24:mi'));
insert into sch_flights values ('AC1909',to_date('15-Dec-2015','DD-Mon-YYYY'),to_date('', 'hh24:mi'),to_date('', 'hh24:mi'));
insert into sch_flights values ('AC1082',to_date('14-Dec-2015','DD-Mon-YYYY'),to_date('', 'hh24:mi'),to_date('', 'hh24:mi'));
insert into sch_flights values ('AC1171',to_date('27-Dec-2015','DD-Mon-YYYY'),to_date('', 'hh24:mi'),to_date('', 'hh24:mi'));
insert into sch_flights values ('WJ2271',to_date('30-Dec-2015','DD-Mon-YYYY'),to_date('', 'hh24:mi'),to_date('', 'hh24:mi'));
insert into sch_flights values ('WJ2054',to_date('27-Dec-2015','DD-Mon-YYYY'),to_date('', 'hh24:mi'),to_date('', 'hh24:mi'));
insert into sch_flights values ('WJ1934',to_date('19-Dec-2015','DD-Mon-YYYY'),to_date('', 'hh24:mi'),to_date('', 'hh24:mi'));
insert into sch_flights values ('WJ1311',to_date('11-Sep-2015','DD-Mon-YYYY'),to_date('11:52', 'hh24:mi'),to_date('14:34', 'hh24:mi'));
insert into sch_flights values ('AC1668',to_date('22-Dec-2015','DD-Mon-YYYY'),to_date('', 'hh24:mi'),to_date('', 'hh24:mi'));
insert into sch_flights values ('WJ1466',to_date('12-Dec-2015','DD-Mon-YYYY'),to_date('', 'hh24:mi'),to_date('', 'hh24:mi'));
insert into sch_flights values ('WJ1274',to_date('11-Sep-2015','DD-Mon-YYYY'),to_date('12:49', 'hh24:mi'),to_date('20:06', 'hh24:mi'));
insert into sch_flights values ('AC1756',to_date('21-Sep-2015','DD-Mon-YYYY'),to_date('13:25', 'hh24:mi'),to_date('19:11', 'hh24:mi'));
insert into sch_flights values ('AC1794',to_date('13-Sep-2015','DD-Mon-YYYY'),to_date('06:11', 'hh24:mi'),to_date('06:50', 'hh24:mi'));
insert into sch_flights values ('WJ2074',to_date('17-Sep-2015','DD-Mon-YYYY'),to_date('08:30', 'hh24:mi'),to_date('13:26', 'hh24:mi'));
insert into sch_flights values ('WJ442',to_date('24-Sep-2015','DD-Mon-YYYY'),to_date('17:48', 'hh24:mi'),to_date('19:21', 'hh24:mi'));
insert into sch_flights values ('AC1171',to_date('26-Dec-2015','DD-Mon-YYYY'),to_date('', 'hh24:mi'),to_date('', 'hh24:mi'));
insert into sch_flights values ('WJ1187',to_date('21-Sep-2015','DD-Mon-YYYY'),to_date('10:59', 'hh24:mi'),to_date('12:52', 'hh24:mi'));
insert into sch_flights values ('AC1553',to_date('19-Dec-2015','DD-Mon-YYYY'),to_date('', 'hh24:mi'),to_date('', 'hh24:mi'));
insert into sch_flights values ('AC1756',to_date('26-Dec-2015','DD-Mon-YYYY'),to_date('', 'hh24:mi'),to_date('', 'hh24:mi'));
insert into sch_flights values ('WJ858',to_date('10-Dec-2015','DD-Mon-YYYY'),to_date('', 'hh24:mi'),to_date('', 'hh24:mi'));
insert into sch_flights values ('WJ2271',to_date('04-Dec-2015','DD-Mon-YYYY'),to_date('', 'hh24:mi'),to_date('', 'hh24:mi'));
insert into sch_flights values ('WJ1319',to_date('03-Sep-2015','DD-Mon-YYYY'),to_date('08:16', 'hh24:mi'),to_date('16:00', 'hh24:mi'));
insert into sch_flights values ('WJ1311',to_date('22-Sep-2015','DD-Mon-YYYY'),to_date('11:47', 'hh24:mi'),to_date('14:26', 'hh24:mi'));
insert into sch_flights values ('WJ1559',to_date('18-Dec-2015','DD-Mon-YYYY'),to_date('', 'hh24:mi'),to_date('', 'hh24:mi'));
insert into sch_flights values ('WJ2106',to_date('18-Dec-2015','DD-Mon-YYYY'),to_date('', 'hh24:mi'),to_date('', 'hh24:mi'));
insert into sch_flights values ('WJ871',to_date('09-Dec-2015','DD-Mon-YYYY'),to_date('', 'hh24:mi'),to_date('', 'hh24:mi'));
insert into sch_flights values ('WJ277',to_date('23-Dec-2015','DD-Mon-YYYY'),to_date('', 'hh24:mi'),to_date('', 'hh24:mi'));
insert into sch_flights values ('WJ477',to_date('24-Sep-2015','DD-Mon-YYYY'),to_date('10:09', 'hh24:mi'),to_date('11:44', 'hh24:mi'));
insert into sch_flights values ('WJ336',to_date('05-Dec-2015','DD-Mon-YYYY'),to_date('', 'hh24:mi'),to_date('', 'hh24:mi'));
insert into sch_flights values ('WJ2467',to_date('09-Dec-2015','DD-Mon-YYYY'),to_date('', 'hh24:mi'),to_date('', 'hh24:mi'));
insert into sch_flights values ('AC2378',to_date('18-Sep-2015','DD-Mon-YYYY'),to_date('06:23', 'hh24:mi'),to_date('10:58', 'hh24:mi'));
insert into sch_flights values ('AC1149',to_date('10-Sep-2015','DD-Mon-YYYY'),to_date('20:02', 'hh24:mi'),to_date('21:20', 'hh24:mi'));
insert into sch_flights values ('WJ1319',to_date('15-Dec-2015','DD-Mon-YYYY'),to_date('', 'hh24:mi'),to_date('', 'hh24:mi'));
insert into sch_flights values ('AC1564',to_date('10-Sep-2015','DD-Mon-YYYY'),to_date('09:12', 'hh24:mi'),to_date('12:03', 'hh24:mi'));
insert into sch_flights values ('WJ2029',to_date('04-Sep-2015','DD-Mon-YYYY'),to_date('18:40', 'hh24:mi'),to_date('21:58', 'hh24:mi'));
insert into sch_flights values ('WJ708',to_date('30-Sep-2015','DD-Mon-YYYY'),to_date('03:11', 'hh24:mi'),to_date('06:00', 'hh24:mi'));
insert into sch_flights values ('WJ871',to_date('22-Dec-2015','DD-Mon-YYYY'),to_date('', 'hh24:mi'),to_date('', 'hh24:mi'));
insert into sch_flights values ('WJ759',to_date('19-Dec-2015','DD-Mon-YYYY'),to_date('', 'hh24:mi'),to_date('', 'hh24:mi'));
insert into sch_flights values ('WJ2438',to_date('10-Dec-2015','DD-Mon-YYYY'),to_date('', 'hh24:mi'),to_date('', 'hh24:mi'));
insert into sch_flights values ('AC2007',to_date('12-Dec-2015','DD-Mon-YYYY'),to_date('', 'hh24:mi'),to_date('', 'hh24:mi'));
insert into sch_flights values ('WJ1529',to_date('16-Sep-2015','DD-Mon-YYYY'),to_date('20:01', 'hh24:mi'),to_date('22:02', 'hh24:mi'));
insert into sch_flights values ('AC1985',to_date('05-Sep-2015','DD-Mon-YYYY'),to_date('06:03', 'hh24:mi'),to_date('08:11', 'hh24:mi'));
insert into sch_flights values ('WJ1112',to_date('04-Sep-2015','DD-Mon-YYYY'),to_date('00:40', 'hh24:mi'),to_date('00:49', 'hh24:mi'));
insert into sch_flights values ('AC1909',to_date('05-Sep-2015','DD-Mon-YYYY'),to_date('04:29', 'hh24:mi'),to_date('06:14', 'hh24:mi'));
insert into sch_flights values ('WJ476',to_date('22-Sep-2015','DD-Mon-YYYY'),to_date('01:31', 'hh24:mi'),to_date('05:38', 'hh24:mi'));
insert into sch_flights values ('WJ1158',to_date('05-Sep-2015','DD-Mon-YYYY'),to_date('06:23', 'hh24:mi'),to_date('15:32', 'hh24:mi'));
insert into sch_flights values ('WJ313',to_date('07-Dec-2015','DD-Mon-YYYY'),to_date('', 'hh24:mi'),to_date('', 'hh24:mi'));
insert into sch_flights values ('WJ1311',to_date('23-Dec-2015','DD-Mon-YYYY'),to_date('', 'hh24:mi'),to_date('', 'hh24:mi'));
insert into sch_flights values ('AC1950',to_date('17-Sep-2015','DD-Mon-YYYY'),to_date('14:29', 'hh24:mi'),to_date('19:41', 'hh24:mi'));
insert into sch_flights values ('WJ1112',to_date('12-Sep-2015','DD-Mon-YYYY'),to_date('01:07', 'hh24:mi'),to_date('01:59', 'hh24:mi'));
insert into sch_flights values ('WJ1916',to_date('10-Sep-2015','DD-Mon-YYYY'),to_date('17:55', 'hh24:mi'),to_date('19:07', 'hh24:mi'));
insert into sch_flights values ('WJ1060',to_date('16-Dec-2015','DD-Mon-YYYY'),to_date('', 'hh24:mi'),to_date('', 'hh24:mi'));
insert into sch_flights values ('WJ2074',to_date('19-Dec-2015','DD-Mon-YYYY'),to_date('', 'hh24:mi'),to_date('', 'hh24:mi'));
insert into sch_flights values ('WJ220',to_date('29-Dec-2015','DD-Mon-YYYY'),to_date('', 'hh24:mi'),to_date('', 'hh24:mi'));
insert into sch_flights values ('WJ1697',to_date('31-Dec-2015','DD-Mon-YYYY'),to_date('', 'hh24:mi'),to_date('', 'hh24:mi'));
insert into sch_flights values ('WJ1079',to_date('24-Sep-2015','DD-Mon-YYYY'),to_date('03:46', 'hh24:mi'),to_date('04:17', 'hh24:mi'));
insert into sch_flights values ('WJ1079',to_date('27-Sep-2015','DD-Mon-YYYY'),to_date('03:46', 'hh24:mi'),to_date('04:04', 'hh24:mi'));
insert into sch_flights values ('AC1668',to_date('04-Sep-2015','DD-Mon-YYYY'),to_date('06:31', 'hh24:mi'),to_date('11:56', 'hh24:mi'));
insert into sch_flights values ('WJ2054',to_date('06-Sep-2015','DD-Mon-YYYY'),to_date('13:57', 'hh24:mi'),to_date('19:33', 'hh24:mi'));
insert into sch_flights values ('AC2177',to_date('23-Dec-2015','DD-Mon-YYYY'),to_date('', 'hh24:mi'),to_date('', 'hh24:mi'));
insert into sch_flights values ('WJ982',to_date('17-Dec-2015','DD-Mon-YYYY'),to_date('', 'hh24:mi'),to_date('', 'hh24:mi'));
insert into sch_flights values ('WJ1158',to_date('03-Sep-2015','DD-Mon-YYYY'),to_date('06:43', 'hh24:mi'),to_date('14:54', 'hh24:mi'));
insert into sch_flights values ('AC1760',to_date('04-Sep-2015','DD-Mon-YYYY'),to_date('01:17', 'hh24:mi'),to_date('04:46', 'hh24:mi'));
insert into sch_flights values ('AC1146',to_date('20-Sep-2015','DD-Mon-YYYY'),to_date('04:52', 'hh24:mi'),to_date('07:03', 'hh24:mi'));
insert into sch_flights values ('WJ1309',to_date('31-Dec-2015','DD-Mon-YYYY'),to_date('', 'hh24:mi'),to_date('', 'hh24:mi'));
insert into sch_flights values ('WJ1622',to_date('03-Dec-2015','DD-Mon-YYYY'),to_date('', 'hh24:mi'),to_date('', 'hh24:mi'));
insert into sch_flights values ('WJ1466',to_date('15-Sep-2015','DD-Mon-YYYY'),to_date('19:55', 'hh24:mi'),to_date('23:57', 'hh24:mi'));
insert into sch_flights values ('WJ336',to_date('20-Dec-2015','DD-Mon-YYYY'),to_date('', 'hh24:mi'),to_date('', 'hh24:mi'));
insert into sch_flights values ('AC1633',to_date('07-Dec-2015','DD-Mon-YYYY'),to_date('', 'hh24:mi'),to_date('', 'hh24:mi'));
insert into sch_flights values ('AC1668',to_date('28-Sep-2015','DD-Mon-YYYY'),to_date('06:01', 'hh24:mi'),to_date('11:27', 'hh24:mi'));
insert into sch_flights values ('AC1628',to_date('04-Sep-2015','DD-Mon-YYYY'),to_date('12:59', 'hh24:mi'),to_date('19:10', 'hh24:mi'));
insert into sch_flights values ('WJ887',to_date('17-Dec-2015','DD-Mon-YYYY'),to_date('', 'hh24:mi'),to_date('', 'hh24:mi'));
insert into sch_flights values ('WJ214',to_date('27-Dec-2015','DD-Mon-YYYY'),to_date('', 'hh24:mi'),to_date('', 'hh24:mi'));
insert into sch_flights values ('WJ1309',to_date('23-Dec-2015','DD-Mon-YYYY'),to_date('', 'hh24:mi'),to_date('', 'hh24:mi'));
insert into sch_flights values ('WJ1082',to_date('14-Dec-2015','DD-Mon-YYYY'),to_date('', 'hh24:mi'),to_date('', 'hh24:mi'));
insert into sch_flights values ('WJ2489',to_date('13-Dec-2015','DD-Mon-YYYY'),to_date('', 'hh24:mi'),to_date('', 'hh24:mi'));
insert into sch_flights values ('WJ1466',to_date('05-Sep-2015','DD-Mon-YYYY'),to_date('19:18', 'hh24:mi'),to_date('23:28', 'hh24:mi'));
insert into sch_flights values ('WJ2368',to_date('26-Dec-2015','DD-Mon-YYYY'),to_date('', 'hh24:mi'),to_date('', 'hh24:mi'));
insert into sch_flights values ('WJ871',to_date('21-Dec-2015','DD-Mon-YYYY'),to_date('', 'hh24:mi'),to_date('', 'hh24:mi'));
insert into sch_flights values ('WJ759',to_date('02-Sep-2015','DD-Mon-YYYY'),to_date('05:21', 'hh24:mi'),to_date('10:02', 'hh24:mi'));
insert into sch_flights values ('WJ214',to_date('15-Dec-2015','DD-Mon-YYYY'),to_date('', 'hh24:mi'),to_date('', 'hh24:mi'));
insert into sch_flights values ('WJ476',to_date('02-Sep-2015','DD-Mon-YYYY'),to_date('01:49', 'hh24:mi'),to_date('05:25', 'hh24:mi'));
insert into sch_flights values ('WJ1945',to_date('27-Dec-2015','DD-Mon-YYYY'),to_date('', 'hh24:mi'),to_date('', 'hh24:mi'));
insert into sch_flights values ('WJ320',to_date('04-Dec-2015','DD-Mon-YYYY'),to_date('', 'hh24:mi'),to_date('', 'hh24:mi'));
insert into sch_flights values ('AC1658',to_date('26-Dec-2015','DD-Mon-YYYY'),to_date('', 'hh24:mi'),to_date('', 'hh24:mi'));
insert into sch_flights values ('WJ2029',to_date('17-Sep-2015','DD-Mon-YYYY'),to_date('18:37', 'hh24:mi'),to_date('22:19', 'hh24:mi'));
insert into sch_flights values ('WJ759',to_date('31-Dec-2015','DD-Mon-YYYY'),to_date('', 'hh24:mi'),to_date('', 'hh24:mi'));
insert into sch_flights values ('WJ137',to_date('16-Sep-2015','DD-Mon-YYYY'),to_date('22:31', 'hh24:mi'),to_date('23:55', 'hh24:mi'));
insert into sch_flights values ('WJ650',to_date('26-Sep-2015','DD-Mon-YYYY'),to_date('12:59', 'hh24:mi'),to_date('16:04', 'hh24:mi'));
insert into sch_flights values ('WJ1559',to_date('07-Dec-2015','DD-Mon-YYYY'),to_date('', 'hh24:mi'),to_date('', 'hh24:mi'));
insert into sch_flights values ('WJ606',to_date('07-Dec-2015','DD-Mon-YYYY'),to_date('', 'hh24:mi'),to_date('', 'hh24:mi'));
insert into sch_flights values ('WJ2029',to_date('17-Dec-2015','DD-Mon-YYYY'),to_date('', 'hh24:mi'),to_date('', 'hh24:mi'));
insert into sch_flights values ('AC2286',to_date('30-Dec-2015','DD-Mon-YYYY'),to_date('', 'hh24:mi'),to_date('', 'hh24:mi'));
insert into sch_flights values ('WJ1524',to_date('21-Sep-2015','DD-Mon-YYYY'),to_date('16:54', 'hh24:mi'),to_date('19:47', 'hh24:mi'));
insert into sch_flights values ('WJ930',to_date('26-Dec-2015','DD-Mon-YYYY'),to_date('', 'hh24:mi'),to_date('', 'hh24:mi'));
insert into sch_flights values ('WJ1524',to_date('10-Sep-2015','DD-Mon-YYYY'),to_date('16:56', 'hh24:mi'),to_date('19:21', 'hh24:mi'));
insert into sch_flights values ('WJ385',to_date('02-Dec-2015','DD-Mon-YYYY'),to_date('', 'hh24:mi'),to_date('', 'hh24:mi'));
insert into sch_flights values ('WJ2467',to_date('15-Dec-2015','DD-Mon-YYYY'),to_date('', 'hh24:mi'),to_date('', 'hh24:mi'));
insert into sch_flights values ('WJ1825',to_date('10-Sep-2015','DD-Mon-YYYY'),to_date('12:38', 'hh24:mi'),to_date('14:47', 'hh24:mi'));
insert into sch_flights values ('AC1794',to_date('15-Dec-2015','DD-Mon-YYYY'),to_date('', 'hh24:mi'),to_date('', 'hh24:mi'));
insert into sch_flights values ('WJ1976',to_date('22-Dec-2015','DD-Mon-YYYY'),to_date('', 'hh24:mi'),to_date('', 'hh24:mi'));
insert into sch_flights values ('AC1146',to_date('19-Dec-2015','DD-Mon-YYYY'),to_date('', 'hh24:mi'),to_date('', 'hh24:mi'));
insert into sch_flights values ('WJ214',to_date('10-Sep-2015','DD-Mon-YYYY'),to_date('17:28', 'hh24:mi'),to_date('23:09', 'hh24:mi'));
insert into sch_flights values ('AC1564',to_date('31-Dec-2015','DD-Mon-YYYY'),to_date('', 'hh24:mi'),to_date('', 'hh24:mi'));
insert into sch_flights values ('AC2123',to_date('23-Dec-2015','DD-Mon-YYYY'),to_date('', 'hh24:mi'),to_date('', 'hh24:mi'));
insert into sch_flights values ('WJ2489',to_date('07-Dec-2015','DD-Mon-YYYY'),to_date('', 'hh24:mi'),to_date('', 'hh24:mi'));
insert into sch_flights values ('WJ1309',to_date('26-Sep-2015','DD-Mon-YYYY'),to_date('22:27', 'hh24:mi'),to_date('23:30', 'hh24:mi'));
insert into sch_flights values ('AC1933',to_date('02-Sep-2015','DD-Mon-YYYY'),to_date('06:04', 'hh24:mi'),to_date('10:33', 'hh24:mi'));
insert into sch_flights values ('WJ1112',to_date('11-Dec-2015','DD-Mon-YYYY'),to_date('', 'hh24:mi'),to_date('', 'hh24:mi'));
insert into sch_flights values ('WJ1559',to_date('23-Dec-2015','DD-Mon-YYYY'),to_date('', 'hh24:mi'),to_date('', 'hh24:mi'));
insert into sch_flights values ('AC2231',to_date('10-Sep-2015','DD-Mon-YYYY'),to_date('03:29', 'hh24:mi'),to_date('05:38', 'hh24:mi'));
insert into sch_flights values ('AC1564',to_date('22-Dec-2015','DD-Mon-YYYY'),to_date('', 'hh24:mi'),to_date('', 'hh24:mi'));
insert into sch_flights values ('WJ1916',to_date('22-Sep-2015','DD-Mon-YYYY'),to_date('18:13', 'hh24:mi'),to_date('19:19', 'hh24:mi'));
insert into sch_flights values ('WJ982',to_date('24-Dec-2015','DD-Mon-YYYY'),to_date('', 'hh24:mi'),to_date('', 'hh24:mi'));
insert into sch_flights values ('WJ2271',to_date('24-Sep-2015','DD-Mon-YYYY'),to_date('01:12', 'hh24:mi'),to_date('09:43', 'hh24:mi'));
insert into sch_flights values ('WJ166',to_date('24-Sep-2015','DD-Mon-YYYY'),to_date('02:53', 'hh24:mi'),to_date('04:17', 'hh24:mi'));
insert into sch_flights values ('WJ750',to_date('07-Sep-2015','DD-Mon-YYYY'),to_date('09:57', 'hh24:mi'),to_date('18:06', 'hh24:mi'));
insert into sch_flights values ('AC1048',to_date('04-Dec-2015','DD-Mon-YYYY'),to_date('', 'hh24:mi'),to_date('', 'hh24:mi'));
insert into sch_flights values ('WJ1060',to_date('07-Dec-2015','DD-Mon-YYYY'),to_date('', 'hh24:mi'),to_date('', 'hh24:mi'));
insert into sch_flights values ('WJ1425',to_date('08-Sep-2015','DD-Mon-YYYY'),to_date('09:30', 'hh24:mi'),to_date('16:40', 'hh24:mi'));
insert into sch_flights values ('AC1933',to_date('01-Sep-2015','DD-Mon-YYYY'),to_date('05:55', 'hh24:mi'),to_date('10:29', 'hh24:mi'));
insert into sch_flights values ('WJ1945',to_date('30-Dec-2015','DD-Mon-YYYY'),to_date('', 'hh24:mi'),to_date('', 'hh24:mi'));
insert into sch_flights values ('AC1001',to_date('21-Dec-2015','DD-Mon-YYYY'),to_date('', 'hh24:mi'),to_date('', 'hh24:mi'));
insert into sch_flights values ('AC1780',to_date('19-Dec-2015','DD-Mon-YYYY'),to_date('', 'hh24:mi'),to_date('', 'hh24:mi'));
insert into sch_flights values ('WJ606',to_date('15-Sep-2015','DD-Mon-YYYY'),to_date('11:14', 'hh24:mi'),to_date('16:55', 'hh24:mi'));
insert into sch_flights values ('AC1207',to_date('31-Dec-2015','DD-Mon-YYYY'),to_date('', 'hh24:mi'),to_date('', 'hh24:mi'));
insert into sch_flights values ('AC2378',to_date('22-Sep-2015','DD-Mon-YYYY'),to_date('06:03', 'hh24:mi'),to_date('11:13', 'hh24:mi'));
insert into sch_flights values ('AC2378',to_date('22-Dec-2015','DD-Mon-YYYY'),to_date('', 'hh24:mi'),to_date('', 'hh24:mi'));
insert into sch_flights values ('AC1760',to_date('09-Dec-2015','DD-Mon-YYYY'),to_date('', 'hh24:mi'),to_date('', 'hh24:mi'));
insert into sch_flights values ('WJ1209',to_date('22-Dec-2015','DD-Mon-YYYY'),to_date('', 'hh24:mi'),to_date('', 'hh24:mi'));
insert into sch_flights values ('WJ733',to_date('22-Dec-2015','DD-Mon-YYYY'),to_date('', 'hh24:mi'),to_date('', 'hh24:mi'));
insert into sch_flights values ('WJ1079',to_date('22-Dec-2015','DD-Mon-YYYY'),to_date('', 'hh24:mi'),to_date('', 'hh24:mi'));





insert into fares values ('B','Business');
insert into fares values ('E','Economy');
insert into fares values ('F','Flex');
insert into fares values ('T','Tango');
insert into fares values ('X','Executive');
insert into fares values ('C','Cheap');
insert into fares values ('N','No-bags');


insert into flight_fares values ('AC685','B','26','210','3');
insert into flight_fares values ('AC343','F','39','169','1');
insert into flight_fares values ('AC499','E','41','141','1');
insert into flight_fares values ('AC173','X','6','270','3');
insert into flight_fares values ('AC173','E','32','196','2');
insert into flight_fares values ('AC282','C','33','103','1');
insert into flight_fares values ('AC282','X','30','239','4');
insert into flight_fares values ('AC343','X','29','498','5');
insert into flight_fares values ('AC499','C','26','78','1');
insert into flight_fares values ('AC173','N','3','45','0');
insert into flight_fares values ('AC685','T','8','47','0');
insert into flight_fares values ('AC499','N','28','37','0');
insert into flight_fares values ('AC685','F','34','202','1');
insert into flight_fares values ('AC499','F','29','212','1');
insert into flight_fares values ('AC685','X','2','210','4');
insert into flight_fares values ('AC499','X','34','318','3');
insert into flight_fares values ('AC173','B','37','257','2');
insert into flight_fares values ('AC173','C','21','133','1');
insert into flight_fares values ('AC282','N','34','36','0');
insert into flight_fares values ('AC499','B','8','276','2');
insert into flight_fares values ('AC282','B','32','192','2');
insert into flight_fares values ('WJ311','N','4','62','0');
insert into flight_fares values ('WJ442','E','5','151','1');
insert into flight_fares values ('WJ385','C','38','139','1');
insert into flight_fares values ('WJ1060','C','9','128','1');
insert into flight_fares values ('WJ320','N','5','36','0');
insert into flight_fares values ('WJ877','X','14','364','3');
insert into flight_fares values ('WJ759','E','7','149','1');
insert into flight_fares values ('WJ1209','N','11','38','0');
insert into flight_fares values ('WJ858','E','5','186','2');
insert into flight_fares values ('WJ930','N','35','46','0');
insert into flight_fares values ('WJ887','B','19','190','3');
insert into flight_fares values ('WJ518','B','11','251','3');
insert into flight_fares values ('WJ313','X','21','401','5');
insert into flight_fares values ('WJ1309','F','7','179','2');
insert into flight_fares values ('WJ166','C','8','145','1');
insert into flight_fares values ('WJ608','F','13','232','2');
insert into flight_fares values ('WJ650','T','12','48','0');
insert into flight_fares values ('WJ214','T','21','54','1');
insert into flight_fares values ('WJ476','X','1','252','3');
insert into flight_fares values ('WJ733','E','30','167','2');
insert into flight_fares values ('WJ1079','C','38','110','1');
insert into flight_fares values ('WJ277','F','10','167','1');
insert into flight_fares values ('WJ606','T','39','63','1');
insert into flight_fares values ('WJ871','C','0','84','1');
insert into flight_fares values ('WJ1112','X','17','380','2');
insert into flight_fares values ('WJ892','N','43','74','0');
insert into flight_fares values ('WJ1425','E','29','197','2');
insert into flight_fares values ('WJ676','B','0','178','2');
insert into flight_fares values ('WJ356','X','44','371','2');
insert into flight_fares values ('WJ1187','T','17','45','0');
insert into flight_fares values ('WJ137','F','0','221','1');
insert into flight_fares values ('WJ1466','C','36','141','1');
insert into flight_fares values ('WJ742','X','20','443','5');
insert into flight_fares values ('WJ1082','N','4','73','0');
insert into flight_fares values ('WJ336','E','34','162','2');
insert into flight_fares values ('WJ1274','X','50','453','4');
insert into flight_fares values ('WJ1319','F','34','159','2');
insert into flight_fares values ('WJ220','X','39','205','2');
insert into flight_fares values ('WJ708','T','19','75','1');
insert into flight_fares values ('WJ477','X','46','426','2');
insert into flight_fares values ('WJ1311','X','50','282','5');
insert into flight_fares values ('WJ982','C','18','133','1');
insert into flight_fares values ('WJ750','E','41','174','1');
insert into flight_fares values ('WJ1158','T','50','75','1');
insert into flight_fares values ('WJ1622','X','46','463','3');
insert into flight_fares values ('WJ2467','X','15','206','4');
insert into flight_fares values ('WJ1825','N','42','38','0');
insert into flight_fares values ('WJ1529','E','47','134','1');
insert into flight_fares values ('WJ1976','B','22','197','2');
insert into flight_fares values ('WJ1524','B','32','194','3');
insert into flight_fares values ('WJ2029','F','37','201','2');
insert into flight_fares values ('WJ1697','T','36','53','0');
insert into flight_fares values ('WJ2271','C','39','129','1');
insert into flight_fares values ('WJ1853','X','50','445','2');
insert into flight_fares values ('WJ1945','F','32','213','2');
insert into flight_fares values ('WJ1916','N','41','38','0');
insert into flight_fares values ('WJ1894','E','6','168','1');
insert into flight_fares values ('WJ2054','T','40','40','0');
insert into flight_fares values ('WJ2489','T','36','47','1');
insert into flight_fares values ('WJ2074','E','27','136','2');
insert into flight_fares values ('WJ2368','N','34','73','0');
insert into flight_fares values ('WJ1968','T','19','76','1');
insert into flight_fares values ('WJ1934','C','45','112','1');
insert into flight_fares values ('WJ2438','T','36','58','0');
insert into flight_fares values ('WJ1559','E','3','190','2');
insert into flight_fares values ('WJ2106','B','16','279','3');
insert into flight_fares values ('AC2231','C','1','94','1');
insert into flight_fares values ('AC1794','N','36','69','0');
insert into flight_fares values ('AC1780','N','7','72','0');
insert into flight_fares values ('AC2007','X','49','359','2');
insert into flight_fares values ('AC1048','E','33','130','1');
insert into flight_fares values ('AC1674','T','27','50','1');
insert into flight_fares values ('AC1628','C','50','133','1');
insert into flight_fares values ('AC1146','E','30','147','1');
insert into flight_fares values ('AC1171','F','18','195','1');
insert into flight_fares values ('AC1668','T','25','69','1');
insert into flight_fares values ('AC1909','E','45','152','2');
insert into flight_fares values ('AC2123','E','0','126','1');
insert into flight_fares values ('AC2286','C','43','96','1');
insert into flight_fares values ('AC2177','N','1','57','0');
insert into flight_fares values ('AC1633','F','33','247','2');
insert into flight_fares values ('AC1149','B','7','258','2');
insert into flight_fares values ('AC1985','B','44','207','3');
insert into flight_fares values ('AC1756','F','2','152','1');
insert into flight_fares values ('AC1082','E','21','187','1');
insert into flight_fares values ('AC1760','E','38','189','1');
insert into flight_fares values ('AC1950','B','11','205','3');
insert into flight_fares values ('AC1658','N','14','63','0');
insert into flight_fares values ('AC1933','B','17','231','2');
insert into flight_fares values ('AC1553','X','47','363','2');
insert into flight_fares values ('AC1001','F','4','182','2');
insert into flight_fares values ('AC1564','N','46','42','0');
insert into flight_fares values ('AC1207','X','6','462','2');
insert into flight_fares values ('AC2419','X','30','224','4');
insert into flight_fares values ('AC2378','C','44','145','1');
insert into flight_fares values ('WJ311','T','19','66','1');
insert into flight_fares values ('WJ442','T','21','70','1');
insert into flight_fares values ('WJ385','F','41','184','2');
insert into flight_fares values ('WJ1060','X','46','208','3');
insert into flight_fares values ('WJ320','F','21','184','2');
insert into flight_fares values ('WJ877','N','28','27','0');
insert into flight_fares values ('WJ759','T','30','72','1');
insert into flight_fares values ('WJ1209','F','22','191','1');
insert into flight_fares values ('WJ887','F','48','188','1');
insert into flight_fares values ('WJ518','X','31','337','5');
insert into flight_fares values ('WJ313','B','3','211','3');
insert into flight_fares values ('WJ1309','B','10','220','3');
insert into flight_fares values ('WJ166','T','36','77','0');
insert into flight_fares values ('WJ608','E','17','195','1');
insert into flight_fares values ('WJ650','B','6','225','3');
insert into flight_fares values ('WJ214','F','28','186','1');
insert into flight_fares values ('WJ476','C','15','81','1');
insert into flight_fares values ('WJ733','N','45','26','0');
insert into flight_fares values ('WJ1079','F','40','194','2');
insert into flight_fares values ('WJ277','N','25','29','0');
insert into flight_fares values ('WJ606','N','4','47','0');
insert into flight_fares values ('WJ871','N','30','67','0');
insert into flight_fares values ('WJ1112','F','19','207','2');
insert into flight_fares values ('WJ892','B','14','235','3');
insert into flight_fares values ('WJ1425','N','0','64','0');
insert into flight_fares values ('WJ676','T','22','44','0');
insert into flight_fares values ('WJ356','F','29','197','2');
insert into flight_fares values ('WJ1187','C','20','97','1');
insert into flight_fares values ('WJ137','C','32','82','1');
insert into flight_fares values ('WJ1466','T','28','71','1');
insert into flight_fares values ('WJ742','E','47','141','2');
insert into flight_fares values ('WJ1082','T','22','80','1');
insert into flight_fares values ('WJ336','X','8','297','4');
insert into flight_fares values ('WJ1274','C','2','95','1');
insert into flight_fares values ('WJ1319','E','8','158','1');
insert into flight_fares values ('WJ708','E','1','135','1');
insert into flight_fares values ('WJ477','N','30','42','0');
insert into flight_fares values ('WJ982','X','20','317','3');
insert into flight_fares values ('WJ750','C','9','110','1');
insert into flight_fares values ('WJ1158','X','18','295','5');
insert into flight_fares values ('WJ1622','N','29','64','0');
insert into flight_fares values ('WJ2467','N','40','28','0');
insert into flight_fares values ('WJ1529','T','28','48','1');
insert into flight_fares values ('WJ1976','N','40','39','0');
insert into flight_fares values ('WJ1524','T','5','63','0');
insert into flight_fares values ('WJ2271','T','16','72','1');
insert into flight_fares values ('WJ1853','N','14','39','0');
insert into flight_fares values ('WJ1945','B','36','270','3');
insert into flight_fares values ('WJ1916','X','38','475','3');
insert into flight_fares values ('WJ1894','C','2','111','1');
insert into flight_fares values ('WJ2054','F','22','211','2');
insert into flight_fares values ('WJ2074','X','28','249','5');
insert into flight_fares values ('WJ2368','T','37','44','0');
insert into flight_fares values ('WJ1968','X','44','483','3');
insert into flight_fares values ('WJ1934','N','5','51','0');
insert into flight_fares values ('WJ2438','B','30','176','2');
insert into flight_fares values ('WJ1559','F','4','216','1');
insert into flight_fares values ('WJ2106','F','11','159','2');
insert into flight_fares values ('AC2231','T','23','65','0');
insert into flight_fares values ('AC1794','X','45','321','4');
insert into flight_fares values ('AC1780','X','27','465','5');
insert into flight_fares values ('AC2007','B','44','235','3');
insert into flight_fares values ('AC1048','X','36','301','3');
insert into flight_fares values ('AC1674','B','16','181','2');
insert into flight_fares values ('AC1628','F','46','215','2');
insert into flight_fares values ('AC1146','C','40','99','1');
insert into flight_fares values ('AC1171','N','38','35','0');
insert into flight_fares values ('AC1668','F','3','235','1');
insert into flight_fares values ('AC1909','F','27','158','2');
insert into flight_fares values ('AC2123','F','14','161','2');
insert into flight_fares values ('AC2286','E','40','157','1');
insert into flight_fares values ('AC2177','F','24','212','2');
insert into flight_fares values ('AC1633','N','10','33','0');
insert into flight_fares values ('AC1985','C','15','143','1');
insert into flight_fares values ('AC1756','T','24','67','0');
insert into flight_fares values ('AC1082','T','30','72','0');
insert into flight_fares values ('AC1760','T','24','77','1');
insert into flight_fares values ('AC1950','C','0','142','1');
insert into flight_fares values ('AC1658','F','41','151','1');
insert into flight_fares values ('AC1933','N','36','37','0');
insert into flight_fares values ('AC1553','C','30','140','1');
insert into flight_fares values ('AC1001','X','48','376','3');
insert into flight_fares values ('AC1207','F','47','160','1');
insert into flight_fares values ('AC2378','F','46','193','1');
insert into flight_fares values ('WJ311','C','42','139','1');
insert into flight_fares values ('WJ442','C','45','87','1');
insert into flight_fares values ('WJ1060','E','31','145','1');
insert into flight_fares values ('WJ320','C','22','142','1');
insert into flight_fares values ('WJ877','T','38','75','0');
insert into flight_fares values ('WJ858','F','8','211','1');
insert into flight_fares values ('WJ518','N','3','66','0');
insert into flight_fares values ('WJ313','C','40','113','1');
insert into flight_fares values ('WJ1309','T','29','47','1');
insert into flight_fares values ('WJ166','E','29','182','2');
insert into flight_fares values ('WJ608','N','25','51','0');
insert into flight_fares values ('WJ650','X','44','335','4');
insert into flight_fares values ('WJ214','X','20','443','2');
insert into flight_fares values ('WJ476','N','35','41','0');
insert into flight_fares values ('WJ1079','E','7','199','1');
insert into flight_fares values ('WJ277','T','43','56','1');
insert into flight_fares values ('WJ606','F','13','238','2');
insert into flight_fares values ('WJ871','T','26','65','1');
insert into flight_fares values ('WJ1112','E','6','146','2');
insert into flight_fares values ('WJ676','X','47','233','2');
insert into flight_fares values ('WJ356','C','24','149','1');
insert into flight_fares values ('WJ1187','F','42','182','2');
insert into flight_fares values ('WJ137','T','25','77','1');
insert into flight_fares values ('WJ1082','B','4','199','3');
insert into flight_fares values ('WJ336','N','0','53','0');
insert into flight_fares values ('WJ1274','B','19','260','2');
insert into flight_fares values ('WJ1319','C','15','137','1');
insert into flight_fares values ('WJ220','T','0','40','0');
insert into flight_fares values ('WJ708','C','50','131','1');
insert into flight_fares values ('WJ1311','E','25','160','1');
insert into flight_fares values ('WJ982','N','48','75','0');
insert into flight_fares values ('WJ750','B','2','298','3');
insert into flight_fares values ('WJ1158','E','42','174','1');
insert into flight_fares values ('WJ1622','B','45','192','3');
insert into flight_fares values ('WJ2467','B','45','299','2');
insert into flight_fares values ('WJ1825','X','1','474','5');
insert into flight_fares values ('WJ1976','F','42','232','1');
insert into flight_fares values ('WJ1524','N','23','26','0');
insert into flight_fares values ('WJ2029','B','44','199','3');
insert into flight_fares values ('WJ1697','C','1','146','1');
insert into flight_fares values ('WJ1853','C','21','89','1');
insert into flight_fares values ('WJ1945','T','13','51','0');
insert into flight_fares values ('WJ1916','F','25','192','1');
insert into flight_fares values ('WJ1894','T','22','61','1');
insert into flight_fares values ('WJ2054','X','28','377','5');
insert into flight_fares values ('WJ2489','E','47','170','2');
insert into flight_fares values ('WJ2074','T','15','54','0');
insert into flight_fares values ('WJ2368','B','16','236','2');
insert into flight_fares values ('WJ1968','C','12','88','1');
insert into flight_fares values ('WJ2438','N','25','44','0');
insert into flight_fares values ('WJ1559','X','21','389','3');
insert into flight_fares values ('WJ2106','T','13','69','1');
insert into flight_fares values ('AC1780','B','12','238','3');
insert into flight_fares values ('AC2007','F','13','180','2');
insert into flight_fares values ('AC1048','F','49','204','2');
insert into flight_fares values ('AC1674','E','23','191','1');
insert into flight_fares values ('AC1628','B','16','277','3');
insert into flight_fares values ('AC1146','N','9','73','0');
insert into flight_fares values ('AC1171','C','41','102','1');
insert into flight_fares values ('AC1668','E','35','137','2');
insert into flight_fares values ('AC2123','N','50','44','0');
insert into flight_fares values ('AC2286','B','22','300','2');
insert into flight_fares values ('AC2177','B','42','255','3');
insert into flight_fares values ('AC1149','F','42','209','2');
insert into flight_fares values ('AC1756','B','6','293','3');
insert into flight_fares values ('AC1933','C','39','91','1');
insert into flight_fares values ('AC1564','E','10','149','2');
insert into flight_fares values ('AC1207','N','36','64','0');
insert into flight_fares values ('AC2419','N','9','44','0');
insert into flight_fares values ('AC2378','N','38','35','0');
insert into flight_fares values ('WJ311','X','20','380','2');
insert into flight_fares values ('WJ442','N','23','74','0');
insert into flight_fares values ('WJ385','N','29','60','0');
insert into flight_fares values ('WJ1060','T','4','54','1');
insert into flight_fares values ('WJ320','B','5','263','2');
insert into flight_fares values ('WJ877','E','1','142','2');
insert into flight_fares values ('WJ759','F','50','165','2');
insert into flight_fares values ('WJ858','B','7','196','2');
insert into flight_fares values ('WJ930','E','32','132','2');
insert into flight_fares values ('WJ887','X','11','360','2');
insert into flight_fares values ('WJ518','T','35','53','0');
insert into flight_fares values ('WJ1309','E','26','176','1');
insert into flight_fares values ('WJ650','E','41','129','1');
insert into flight_fares values ('WJ1079','N','17','29','0');
insert into flight_fares values ('WJ1112','N','24','64','0');
insert into flight_fares values ('WJ892','X','41','381','3');
insert into flight_fares values ('WJ1425','F','29','181','2');
insert into flight_fares values ('WJ676','E','23','126','1');
insert into flight_fares values ('WJ1187','X','10','228','2');
insert into flight_fares values ('WJ1466','F','15','189','2');
insert into flight_fares values ('WJ336','C','17','103','1');
insert into flight_fares values ('WJ1274','T','1','79','0');
insert into flight_fares values ('WJ1319','X','10','356','4');
insert into flight_fares values ('WJ708','N','23','36','0');
insert into flight_fares values ('WJ477','E','1','170','2');
insert into flight_fares values ('WJ1311','T','27','51','1');
insert into flight_fares values ('WJ1622','T','43','52','0');
insert into flight_fares values ('WJ1825','B','10','191','3');
insert into flight_fares values ('WJ1524','F','37','160','1');
insert into flight_fares values ('WJ2029','T','8','53','0');
insert into flight_fares values ('WJ2271','B','28','175','3');
insert into flight_fares values ('WJ1853','F','42','223','1');
insert into flight_fares values ('WJ1945','N','27','29','0');
insert into flight_fares values ('WJ1894','F','49','210','2');
insert into flight_fares values ('WJ2054','N','48','65','0');
insert into flight_fares values ('WJ2368','E','21','132','1');
insert into flight_fares values ('WJ1968','E','36','125','2');
insert into flight_fares values ('WJ1934','B','44','175','3');
insert into flight_fares values ('WJ1559','T','22','62','1');
insert into flight_fares values ('WJ2106','X','47','304','4');
insert into flight_fares values ('AC2231','E','33','144','1');
insert into flight_fares values ('AC1794','T','23','46','0');
insert into flight_fares values ('AC1048','N','22','70','0');
insert into flight_fares values ('AC1674','C','7','77','1');
insert into flight_fares values ('AC1146','F','49','241','2');
insert into flight_fares values ('AC1668','B','14','265','2');
insert into flight_fares values ('AC1909','N','5','46','0');
insert into flight_fares values ('AC2123','B','22','267','3');
insert into flight_fares values ('AC2177','T','43','49','0');
insert into flight_fares values ('AC1633','X','46','214','4');
insert into flight_fares values ('AC1149','X','22','237','3');
insert into flight_fares values ('AC1985','X','1','347','4');
insert into flight_fares values ('AC1756','N','18','46','0');
insert into flight_fares values ('AC1760','C','22','110','1');
insert into flight_fares values ('AC1950','X','5','236','2');
insert into flight_fares values ('AC1658','C','39','147','1');
insert into flight_fares values ('AC2378','T','19','51','1');
insert into flight_fares values ('WJ442','B','26','240','2');
insert into flight_fares values ('WJ385','B','24','241','3');
insert into flight_fares values ('WJ1060','F','0','192','2');
insert into flight_fares values ('WJ759','N','40','48','0');
insert into flight_fares values ('WJ1209','T','41','72','0');
insert into flight_fares values ('WJ930','T','3','52','0');
insert into flight_fares values ('WJ887','C','48','110','1');
insert into flight_fares values ('WJ166','B','8','234','3');
insert into flight_fares values ('WJ608','X','35','313','2');
insert into flight_fares values ('WJ476','E','38','175','1');
insert into flight_fares values ('WJ733','T','31','54','0');
insert into flight_fares values ('WJ871','X','2','430','2');
insert into flight_fares values ('WJ1112','C','4','87','1');
insert into flight_fares values ('WJ137','N','33','70','0');
insert into flight_fares values ('WJ1082','F','25','230','2');
insert into flight_fares values ('WJ1274','N','46','38','0');
insert into flight_fares values ('WJ220','C','23','89','1');
insert into flight_fares values ('WJ708','B','40','218','3');
insert into flight_fares values ('WJ750','N','12','53','0');
insert into flight_fares values ('WJ1622','E','31','173','1');
insert into flight_fares values ('WJ2467','T','20','41','0');
insert into flight_fares values ('WJ1529','B','36','291','3');
insert into flight_fares values ('WJ1976','E','7','144','1');
insert into flight_fares values ('WJ2029','X','28','363','4');
insert into flight_fares values ('WJ2489','C','23','121','1');
insert into flight_fares values ('WJ2074','F','34','168','2');
insert into flight_fares values ('WJ2368','C','14','147','1');
insert into flight_fares values ('WJ1559','C','11','83','1');
insert into flight_fares values ('WJ2106','E','47','183','1');
insert into flight_fares values ('AC1780','F','19','158','1');
insert into flight_fares values ('AC2007','C','44','101','1');
insert into flight_fares values ('AC1674','X','23','208','5');
insert into flight_fares values ('AC1628','N','49','61','0');
insert into flight_fares values ('AC1146','T','1','48','1');
insert into flight_fares values ('AC1171','E','14','197','2');
insert into flight_fares values ('AC1909','T','44','50','0');
insert into flight_fares values ('AC2286','T','30','61','0');
insert into flight_fares values ('AC2177','C','35','76','1');
insert into flight_fares values ('AC1082','C','42','111','1');
insert into flight_fares values ('AC1950','T','18','72','0');
insert into flight_fares values ('AC1933','F','27','175','2');
insert into flight_fares values ('AC1553','T','12','56','0');
insert into flight_fares values ('AC1207','T','33','78','0');
insert into flight_fares values ('AC2419','B','50','276','3');
insert into flight_fares values ('AC2378','E','13','180','2');



insert into passengers values ('RaynaConn@e.ca','Rayna Conn','USA');
insert into passengers values ('Glennis@e.ca','Glennis Pasternak','Mexico');
insert into passengers values ('UteAudette@e.ca','Ute Audette','Mexico');
insert into passengers values ('DanicaDudgeon@e.ca','Danica Dudgeon','USA');
insert into passengers values ('BrittanieMento@e.ca','Brittanie Mento','Canada');
insert into passengers values ('Shaniqua@e.ca','Shaniqua Eriksen','Mexico');
insert into passengers values ('Evelin@e.ca','Evelin Hillhouse','Mexico');
insert into passengers values ('KenaRuhland@e.ca','Kena Ruhland','Canada');
insert into passengers values ('DarylManzano@e.ca','Daryl Manzano','Canada');
insert into passengers values ('EloisDouthitt@e.ca','Elois Douthitt','Canada');
insert into passengers values ('SelmaCaddy@e.ca','Selma Caddy','Mexico');
insert into passengers values ('AlmedaCoto@e.ca','Almeda Coto','USA');
insert into passengers values ('Lizeth@e.ca','Lizeth Fenstermaker','USA');
insert into passengers values ('KerriSterba@e.ca','Kerri Sterba','USA');
insert into passengers values ('KinaMcelfresh@e.ca','Kina Mcelfresh','USA');
insert into passengers values ('JerleneBeam@e.ca','Jerlene Beam','USA');
insert into passengers values ('KamilahSwin@e.ca','Kamilah Swindoll','Canada');
insert into passengers values ('JacquiHatton@e.ca','Jacqui Hatton','Mexico');
insert into passengers values ('NoellaStras@e.ca','Noella Strasburg','Mexico');
insert into passengers values ('CourtneyThao@e.ca','Courtney Thao','USA');
insert into passengers values ('SuzieSerrata@e.ca','Suzie Serrata','Mexico');
insert into passengers values ('ReaganSouth@e.ca','Reagan Southworth','Canada');
insert into passengers values ('JohnnaChoud@e.ca','Johnna Choudhury','Canada');
insert into passengers values ('ElyseOaks@e.ca','Elyse Oaks','USA');
insert into passengers values ('DelilaBruegge@e.ca','Delila Brueggemann','Canada');
insert into passengers values ('ElbertDolphin@e.ca','Elbert Dolphin','USA');
insert into passengers values ('AlvertaLietz@e.ca','Alverta Lietz','Mexico');
insert into passengers values ('AileenDaniell@e.ca','Aileen Daniell','USA');
insert into passengers values ('AnnisTalton@e.ca','Annis Talton','Canada');
insert into passengers values ('MetaGarlock@e.ca','Meta Garlock','Canada');
insert into passengers values ('GarnetAndres@e.ca','Garnet Andres','USA');
insert into passengers values ('ShantaePoppe@e.ca','Shantae Poppe','Mexico');
insert into passengers values ('JaquelineBonet@e.ca','Jaqueline Bonet','USA');
insert into passengers values ('RyannCarreno@e.ca','Ryann Carreno','USA');
insert into passengers values ('CharisSpeaker@e.ca','Charis Speaker','Canada');
insert into passengers values ('SetsukoBeck@e.ca','Setsuko Beckmann','USA');
insert into passengers values ('ChanellBorth@e.ca','Chanell Borth','USA');
insert into passengers values ('BilliBradt@e.ca','Billi Bradt','Mexico');
insert into passengers values ('UlaStyers@e.ca','Ula Styers','Canada');
insert into passengers values ('BetseyMcclaran@e.ca','Betsey Mcclaran','Mexico');
insert into passengers values ('SamuelDipaolo@e.ca','Samuel Dipaolo','USA');
insert into passengers values ('JanellaWeis@e.ca','Janella Weiskopf','Canada');
insert into passengers values ('ChristoperBatt@e.ca','Christoper Batt','Mexico');
insert into passengers values ('BeulaMcmichael@e.ca','Beula Mcmichael','Canada');
insert into passengers values ('IdellaKai@e.ca','Idella Kai','Mexico');
insert into passengers values ('MargareteLudl@e.ca','Margarete Ludlum','Canada');
insert into passengers values ('DottyBarsh@e.ca','Dotty Barsh','Mexico');
insert into passengers values ('AshantiTrice@e.ca','Ashanti Trice','Mexico');
insert into passengers values ('ExieNeidert@e.ca','Exie Neidert','Mexico');
insert into passengers values ('RenaeEscamilla@e.ca','Renae Escamilla','USA');
insert into passengers values ('RyannCarreno@e.ca','Sharda Cifuentes','Canada');
insert into passengers values ('KamilahSwin@e.ca','Daniell Rosendahl','USA');
insert into passengers values ('AileenDaniell@e.ca','Romona Piland','USA');
insert into passengers values ('CharisSpeaker@e.ca','Shanelle Pinkham','Mexico');
insert into passengers values ('AlvertaLietz@e.ca','Romaine Pina','Mexico');
insert into passengers values ('AlvertaLietz@e.ca','Ryan Sand','USA');
insert into passengers values ('Shaniqua@e.ca','Dave Gendreau','Canada');
insert into passengers values ('AileenDaniell@e.ca','Roslyn Plamondon','Mexico');
insert into passengers values ('JerleneBeam@e.ca','Elanor Bruck','USA');
insert into passengers values ('UlaStyers@e.ca','Sanda Haverland','USA');
insert into passengers values ('Shaniqua@e.ca','Tari Lefort','USA');
insert into passengers values ('Shaniqua@e.ca','Kathlyn Inniss','Mexico');
insert into passengers values ('AlvertaLietz@e.ca','Angie Dussault','Mexico');
insert into passengers values ('ExieNeidert@e.ca','Shira Dynes','Mexico');
insert into passengers values ('KamilahSwin@e.ca','Essie Musser','Canada');
insert into passengers values ('UlaStyers@e.ca','Aracely Beaupre','Mexico');
insert into passengers values ('JerleneBeam@e.ca','Delilah Cortinas','Canada');
insert into passengers values ('DelilaBruegge@e.ca','Olive Clendenin','Canada');
insert into passengers values ('NoellaStras@e.ca','Tashina Chesnutt','Mexico');
insert into passengers values ('GarnetAndres@e.ca','Conrad Wheeler','USA');
insert into passengers values ('MetaGarlock@e.ca','Nila Iglesias','Canada');
insert into passengers values ('JohnnaChoud@e.ca','Marcelle Rank','USA');
insert into passengers values ('IdellaKai@e.ca','Alexandria Docherty','USA');
insert into passengers values ('Evelin@e.ca','Elizbeth Boye','Canada');
insert into passengers values ('ChanellBorth@e.ca','Paulette Awong','USA');
insert into passengers values ('Shaniqua@e.ca','Onie Kenton','USA');
insert into passengers values ('JacquiHatton@e.ca','Rudolph Jarrett','USA');
insert into passengers values ('AlvertaLietz@e.ca','Mardell Remaley','USA');
insert into passengers values ('SetsukoBeck@e.ca','Avril Scannell','Canada');
insert into passengers values ('DelilaBruegge@e.ca','Maris Knutsen','Canada');
insert into passengers values ('Lizeth@e.ca','Hildegard Beil','Mexico');
insert into passengers values ('NoellaStras@e.ca','Bernarda Moring','USA');
insert into passengers values ('JanellaWeis@e.ca','Latasha Maysonet','Canada');
insert into passengers values ('ExieNeidert@e.ca','Nathan Prum','Canada');
insert into passengers values ('NoellaStras@e.ca','Nicolas Hanway','Mexico');
insert into passengers values ('MargareteLudl@e.ca','Dedra Dahm','USA');
insert into passengers values ('JaquelineBonet@e.ca','Tequila Pribble','Canada');
insert into passengers values ('ChanellBorth@e.ca','Lavon Hilyard','USA');
insert into passengers values ('Evelin@e.ca','Corina Baughman','Canada');
insert into passengers values ('JacquiHatton@e.ca','Karla Istre','USA');
insert into passengers values ('SetsukoBeck@e.ca','Devin Ebarb','Canada');
insert into passengers values ('ExieNeidert@e.ca','Jenee Donelson','USA');
insert into passengers values ('AlvertaLietz@e.ca','Lahoma Broaddus','USA');
insert into passengers values ('SuzieSerrata@e.ca','Caroll Wakeland','Mexico');
insert into passengers values ('KamilahSwin@e.ca','Mohammed Ross','USA');
insert into passengers values ('MetaGarlock@e.ca','Leonida Kyte','Canada');
insert into passengers values ('BeulaMcmichael@e.ca','Isaac Steptoe','Canada');
insert into passengers values ('Evelin@e.ca','Ermelinda Dalby','USA');
insert into passengers values ('IdellaKai@e.ca','Rodger Manuelito','USA');
insert into passengers values ('BeulaMcmichael@e.ca','Harold Ruple','Canada');
insert into passengers values ('MetaGarlock@e.ca','Charmain Keen','Canada');
insert into passengers values ('AlmedaCoto@e.ca','Johnathan Jernigan','USA');
insert into passengers values ('JaquelineBonet@e.ca','Tyron Bushell','USA');
insert into passengers values ('GarnetAndres@e.ca','Blanca Wunder','Canada');
insert into passengers values ('Shaniqua@e.ca','Jackqueline Rink','Canada');
insert into passengers values ('BetseyMcclaran@e.ca','Leonel Camarena','Canada');
insert into passengers values ('AileenDaniell@e.ca','Rosalina Fermin','USA');
insert into passengers values ('ShantaePoppe@e.ca','Lore Pereira','USA');
insert into passengers values ('JanellaWeis@e.ca','Librada Reddick','Mexico');
insert into passengers values ('AlmedaCoto@e.ca','Fernanda Schneller','Mexico');
insert into passengers values ('MargareteLudl@e.ca','Ben Kinsler','Mexico');
insert into passengers values ('KamilahSwin@e.ca','Aleta Vanmeter','USA');
insert into passengers values ('ShantaePoppe@e.ca','Gena Dodrill','Canada');
insert into passengers values ('JerleneBeam@e.ca','Francesca Lininger','Canada');
insert into passengers values ('AnnisTalton@e.ca','Lakiesha Janecek','USA');
insert into passengers values ('AileenDaniell@e.ca','Roxane Pankratz','USA');
insert into passengers values ('Lizeth@e.ca','Foster Durkin','USA');
insert into passengers values ('RyannCarreno@e.ca','Dung Toland','Canada');
insert into passengers values ('Shaniqua@e.ca','Luba Fails','USA');
insert into passengers values ('KinaMcelfresh@e.ca','Alvaro Vaquera','Mexico');
insert into passengers values ('AshantiTrice@e.ca','Felicia Rodden','Canada');
insert into passengers values ('CharisSpeaker@e.ca','Erlene Cahn','USA');
insert into passengers values ('JanellaWeis@e.ca','Raymonde Escamilla','Canada');
insert into passengers values ('ElyseOaks@e.ca','Sachiko Weise','USA');
insert into passengers values ('DarylManzano@e.ca','Abram Drumheller','USA');
insert into passengers values ('DarylManzano@e.ca','Coleen Kantner','Canada');
insert into passengers values ('MargareteLudl@e.ca','Elba Camire','USA');
insert into passengers values ('MetaGarlock@e.ca','Joelle Butters','USA');
insert into passengers values ('BilliBradt@e.ca','Clora Demaria','Mexico');
insert into passengers values ('AnnisTalton@e.ca','Ngan Gaitan','USA');
insert into passengers values ('CourtneyThao@e.ca','Martina Westbrook','USA');
insert into passengers values ('DanicaDudgeon@e.ca','Merrill Mckechnie','Mexico');
insert into passengers values ('MargareteLudl@e.ca','Haydee Grief','USA');
insert into passengers values ('ExieNeidert@e.ca','Harlan Sauer','Mexico');
insert into passengers values ('ReaganSouth@e.ca','Assunta Davis','Canada');
insert into passengers values ('AileenDaniell@e.ca','Clyde Tripp','USA');
insert into passengers values ('JacquiHatton@e.ca','Jerlene Wyer','USA');
insert into passengers values ('JohnnaChoud@e.ca','Adria Yale','Canada');
insert into passengers values ('AlmedaCoto@e.ca','Donnetta Dummer','Mexico');
insert into passengers values ('BrittanieMento@e.ca','Kathi Uyehara','Canada');
insert into passengers values ('JerleneBeam@e.ca','Guy Raulston','USA');
insert into passengers values ('CharisSpeaker@e.ca','Samara Friesen','Mexico');
insert into passengers values ('Evelin@e.ca','Genny Musil','Mexico');
insert into passengers values ('BilliBradt@e.ca','Haywood Gathers','USA');
insert into passengers values ('JanellaWeis@e.ca','Shaun Pink','Mexico');
insert into passengers values ('AileenDaniell@e.ca','Donte Summers','USA');
insert into passengers values ('BrittanieMento@e.ca','Graig Ridgeway','Mexico');
insert into passengers values ('UteAudette@e.ca','Christiana Ballan','Canada');
insert into passengers values ('MetaGarlock@e.ca','Codi Ketner','Mexico');
insert into passengers values ('Lizeth@e.ca','Violeta Younan','USA');




insert into tickets values ('114','Shaun Pink','Evelin@e.ca','73');
insert into tickets values ('130','Christiana Ballan','SetsukoBeck@e.ca','45');
insert into tickets values ('134','Delilah Cortinas','DanicaDudgeon@e.ca','28');
insert into tickets values ('136','Lahoma Broaddus','AshantiTrice@e.ca','193');
insert into tickets values ('137','Essie Musser','AshantiTrice@e.ca','121');
insert into tickets values ('156','Merrill Mckechnie','DanicaDudgeon@e.ca','59');
insert into tickets values ('159','Assunta Davis','BilliBradt@e.ca','47');
insert into tickets values ('183','Shira Dynes','KerriSterba@e.ca','205');
insert into tickets values ('256','Lakiesha Janecek','KamilahSwin@e.ca','168');
insert into tickets values ('262','Chanell Borth','ChanellBorth@e.ca','491');
insert into tickets values ('320','Gena Dodrill','DottyBarsh@e.ca','185');
insert into tickets values ('352','Aracely Beaupre','DottyBarsh@e.ca','54');
insert into tickets values ('356','Margarete Ludlum','MargareteLudl@e.ca','127');
insert into tickets values ('403','Elizbeth Boye','ShantaePoppe@e.ca','139');
insert into tickets values ('437','Nila Iglesias','BilliBradt@e.ca','149');
insert into tickets values ('501','Clyde Tripp','Glennis@e.ca','211');
insert into tickets values ('511','Kamilah Swindoll','KamilahSwin@e.ca','236');
insert into tickets values ('518','Mohammed Ross','DottyBarsh@e.ca','282');
insert into tickets values ('535','Beula Mcmichael','BeulaMcmichael@e.ca','204');
insert into tickets values ('567','Tyron Bushell','AlvertaLietz@e.ca','497');
insert into tickets values ('596','Gena Dodrill','DottyBarsh@e.ca','106');
insert into tickets values ('717','Kathi Uyehara','Glennis@e.ca','193');
insert into tickets values ('721','Shanelle Pinkham','ReaganSouth@e.ca','76');
insert into tickets values ('729','Beula Mcmichael','BeulaMcmichael@e.ca','404');
insert into tickets values ('788','Ashanti Trice','AshantiTrice@e.ca','56');
insert into tickets values ('872','Librada Reddick','MetaGarlock@e.ca','49');
insert into tickets values ('878','Bernarda Moring','AshantiTrice@e.ca','177');
insert into tickets values ('907','Bernarda Moring','AshantiTrice@e.ca','166');
insert into tickets values ('924','Francesca Lininger','AshantiTrice@e.ca','220');
insert into tickets values ('930','Donte Summers','AileenDaniell@e.ca','256');
insert into tickets values ('967','Reagan Southworth','ReaganSouth@e.ca','273');
insert into tickets values ('971','Sachiko Weise','Evelin@e.ca','278');
insert into tickets values ('981','Ute Audette','UteAudette@e.ca','431');
insert into tickets values ('1002','Clora Demaria','SamuelDipaolo@e.ca','166');
insert into tickets values ('1017','Ngan Gaitan','ElyseOaks@e.ca','153');
insert into tickets values ('1051','Dotty Barsh','DottyBarsh@e.ca','65');
insert into tickets values ('1068','Librada Reddick','MetaGarlock@e.ca','290');
insert into tickets values ('1074','Samuel Dipaolo','SamuelDipaolo@e.ca','54');
insert into tickets values ('1080','Elanor Bruck','DarylManzano@e.ca','152');
insert into tickets values ('1086','Fernanda Schneller','DarylManzano@e.ca','135');
insert into tickets values ('1121','Suzie Serrata','SuzieSerrata@e.ca','65');
insert into tickets values ('1142','Sharda Cifuentes','JaquelineBonet@e.ca','134');
insert into tickets values ('1152','Nicolas Hanway','MargareteLudl@e.ca','53');
insert into tickets values ('1241','Nicolas Hanway','MargareteLudl@e.ca','60');
insert into tickets values ('1292','Romona Piland','JohnnaChoud@e.ca','48');
insert into tickets values ('1315','Nathan Prum','KamilahSwin@e.ca','157');
insert into tickets values ('1374','Codi Ketner','Glennis@e.ca','88');
insert into tickets values ('1428','Romaine Pina','JacquiHatton@e.ca','217');
insert into tickets values ('1497','Graig Ridgeway','DottyBarsh@e.ca','80');
insert into tickets values ('1519','Jaqueline Bonet','JaquelineBonet@e.ca','67');
insert into tickets values ('1560','Violeta Younan','KinaMcelfresh@e.ca','234');
insert into tickets values ('1593','Coleen Kantner','IdellaKai@e.ca','279');
insert into tickets values ('1602','Shira Dynes','KerriSterba@e.ca','193');
insert into tickets values ('1618','Marcelle Rank','KamilahSwin@e.ca','27');
insert into tickets values ('1626','Evelin Hillhouse','Evelin@e.ca','182');
insert into tickets values ('1634','Alverta Lietz','AlvertaLietz@e.ca','356');
insert into tickets values ('1654','Corina Baughman','ElyseOaks@e.ca','58');
insert into tickets values ('1665','Jenee Donelson','DottyBarsh@e.ca','109');
insert into tickets values ('1674','Roxane Pankratz','AshantiTrice@e.ca','199');
insert into tickets values ('1714','Angie Dussault','RenaeEscamilla@e.ca','53');
insert into tickets values ('1737','Annis Talton','AnnisTalton@e.ca','60');
insert into tickets values ('1747','Rosalina Fermin','JohnnaChoud@e.ca','181');
insert into tickets values ('1761','Janella Weiskopf','JanellaWeis@e.ca','129');
insert into tickets values ('1807','Exie Neidert','ExieNeidert@e.ca','136');
insert into tickets values ('1812','Foster Durkin','SuzieSerrata@e.ca','61');
insert into tickets values ('1818','Dedra Dahm','ReaganSouth@e.ca','233');
insert into tickets values ('1833','Abram Drumheller','AshantiTrice@e.ca','47');
insert into tickets values ('1834','Lore Pereira','RenaeEscamilla@e.ca','191');
insert into tickets values ('1929','Erlene Cahn','BeulaMcmichael@e.ca','109');
insert into tickets values ('2013','Tequila Pribble','KerriSterba@e.ca','57');
insert into tickets values ('2015','Martina Westbrook','Shaniqua@e.ca','51');
insert into tickets values ('2045','Olive Clendenin','KerriSterba@e.ca','229');
insert into tickets values ('2046','Tashina Chesnutt','SamuelDipaolo@e.ca','279');
insert into tickets values ('2050','Sachiko Weise','Evelin@e.ca','136');
insert into tickets values ('2076','Conrad Wheeler','BetseyMcclaran@e.ca','165');
insert into tickets values ('2077','Tashina Chesnutt','SamuelDipaolo@e.ca','102');
insert into tickets values ('2133','Martina Westbrook','Shaniqua@e.ca','214');
insert into tickets values ('2140','Essie Musser','AshantiTrice@e.ca','48');
insert into tickets values ('2169','Betsey Mcclaran','BetseyMcclaran@e.ca','247');
insert into tickets values ('2171','Aleta Vanmeter','IdellaKai@e.ca','49');
insert into tickets values ('2190','Ben Kinsler','JanellaWeis@e.ca','61');
insert into tickets values ('2208','Aleta Vanmeter','IdellaKai@e.ca','42');
insert into tickets values ('2215','Idella Kai','IdellaKai@e.ca','151');
insert into tickets values ('2233','Charmain Keen','SetsukoBeck@e.ca','227');
insert into tickets values ('2243','Nathan Prum','KamilahSwin@e.ca','214');
insert into tickets values ('2244','Almeda Coto','AlmedaCoto@e.ca','487');
insert into tickets values ('2275','Evelin Hillhouse','Evelin@e.ca','252');
insert into tickets values ('2279','Delilah Cortinas','DanicaDudgeon@e.ca','259');
insert into tickets values ('2325','Kathlyn Inniss','Shaniqua@e.ca','487');
insert into tickets values ('2350','Meta Garlock','MetaGarlock@e.ca','59');
insert into tickets values ('2401','Ryan Sand','MargareteLudl@e.ca','475');
insert into tickets values ('2420','Johnathan Jernigan','AshantiTrice@e.ca','65');
insert into tickets values ('2452','Delilah Cortinas','DanicaDudgeon@e.ca','47');
insert into tickets values ('2461','Alvaro Vaquera','MetaGarlock@e.ca','272');
insert into tickets values ('2533','Charmain Keen','SetsukoBeck@e.ca','184');
insert into tickets values ('2538','Adria Yale','ShantaePoppe@e.ca','487');
insert into tickets values ('2547','Harlan Sauer','JaquelineBonet@e.ca','62');
insert into tickets values ('2578','Roxane Pankratz','AshantiTrice@e.ca','443');
insert into tickets values ('2586','Jerlene Wyer','AnnisTalton@e.ca','72');
insert into tickets values ('2607','Conrad Wheeler','BetseyMcclaran@e.ca','116');
insert into tickets values ('2611','Shaun Pink','Evelin@e.ca','193');
insert into tickets values ('2613','Kerri Sterba','KerriSterba@e.ca','178');
insert into tickets values ('2621','Shanelle Pinkham','ReaganSouth@e.ca','454');
insert into tickets values ('2643','Jackqueline Rink','AileenDaniell@e.ca','78');
insert into tickets values ('2726','Jenee Donelson','DottyBarsh@e.ca','66');
insert into tickets values ('2738','Glennis Pasternak','Glennis@e.ca','217');
insert into tickets values ('2752','Mardell Remaley','DottyBarsh@e.ca','188');
insert into tickets values ('2754','Abram Drumheller','AshantiTrice@e.ca','244');
insert into tickets values ('2756','Sanda Haverland','KerriSterba@e.ca','57');
insert into tickets values ('2818','Idella Kai','IdellaKai@e.ca','211');
insert into tickets values ('2819','Merrill Mckechnie','DanicaDudgeon@e.ca','256');
insert into tickets values ('2860','Blanca Wunder','KinaMcelfresh@e.ca','142');
insert into tickets values ('2873','Garnet Andres','GarnetAndres@e.ca','79');
insert into tickets values ('2907','Caroll Wakeland','SetsukoBeck@e.ca','184');
insert into tickets values ('2924','Librada Reddick','MetaGarlock@e.ca','158');
insert into tickets values ('2959','Sharda Cifuentes','JaquelineBonet@e.ca','266');
insert into tickets values ('2973','Alvaro Vaquera','MetaGarlock@e.ca','235');
insert into tickets values ('2974','Essie Musser','AshantiTrice@e.ca','79');
insert into tickets values ('3018','Harlan Sauer','JaquelineBonet@e.ca','67');
insert into tickets values ('3099','Alverta Lietz','AlvertaLietz@e.ca','172');
insert into tickets values ('3102','Maris Knutsen','RaynaConn@e.ca','61');
insert into tickets values ('3106','Alexandria Docherty','JanellaWeis@e.ca','217');
insert into tickets values ('3109','Librada Reddick','MetaGarlock@e.ca','242');
insert into tickets values ('3133','Jaqueline Bonet','JaquelineBonet@e.ca','215');
insert into tickets values ('3147','Raymonde Escamilla','ChristoperBatt@e.ca','145');
insert into tickets values ('3168','Tari Lefort','JerleneBeam@e.ca','407');
insert into tickets values ('3192','Rosalina Fermin','JohnnaChoud@e.ca','191');
insert into tickets values ('3214','Olive Clendenin','KerriSterba@e.ca','126');
insert into tickets values ('3226','Evelin Hillhouse','Evelin@e.ca','229');
insert into tickets values ('3244','Ben Kinsler','JanellaWeis@e.ca','199');
insert into tickets values ('3303','Librada Reddick','MetaGarlock@e.ca','164');
insert into tickets values ('3319','Annis Talton','AnnisTalton@e.ca','141');
insert into tickets values ('3320','Essie Musser','AshantiTrice@e.ca','156');
insert into tickets values ('3332','Jacqui Hatton','JacquiHatton@e.ca','252');
insert into tickets values ('3408','Haywood Gathers','Shaniqua@e.ca','256');
insert into tickets values ('3438','Tari Lefort','JerleneBeam@e.ca','197');
insert into tickets values ('3439','Delila Brueggemann','DelilaBruegge@e.ca','80');
insert into tickets values ('3464','Codi Ketner','Glennis@e.ca','33');
insert into tickets values ('3475','Tequila Pribble','KerriSterba@e.ca','54');
insert into tickets values ('3479','Jerlene Wyer','AnnisTalton@e.ca','41');
insert into tickets values ('3536','Ben Kinsler','JanellaWeis@e.ca','76');
insert into tickets values ('3569','Kamilah Swindoll','KamilahSwin@e.ca','211');
insert into tickets values ('3582','Olive Clendenin','KerriSterba@e.ca','278');
insert into tickets values ('3587','Christoper Batt','ChristoperBatt@e.ca','200');
insert into tickets values ('3677','Dave Gendreau','Lizeth@e.ca','208');
insert into tickets values ('3692','Jerlene Beam','JerleneBeam@e.ca','35');
insert into tickets values ('3717','Tashina Chesnutt','SamuelDipaolo@e.ca','45');
insert into tickets values ('3731','Merrill Mckechnie','DanicaDudgeon@e.ca','188');
insert into tickets values ('3755','Lavon Hilyard','SelmaCaddy@e.ca','80');
insert into tickets values ('3806','Tari Lefort','JerleneBeam@e.ca','204');
insert into tickets values ('3818','Essie Musser','AshantiTrice@e.ca','171');
insert into tickets values ('3933','Gena Dodrill','DottyBarsh@e.ca','160');
insert into tickets values ('3959','Christoper Batt','ChristoperBatt@e.ca','50');
insert into tickets values ('3972','Haywood Gathers','Shaniqua@e.ca','176');
insert into tickets values ('3981','Merrill Mckechnie','DanicaDudgeon@e.ca','204');
insert into tickets values ('3989','Avril Scannell','AileenDaniell@e.ca','58');
insert into tickets values ('4003','Renae Escamilla','RenaeEscamilla@e.ca','268');
insert into tickets values ('4008','Billi Bradt','BilliBradt@e.ca','271');
insert into tickets values ('4074','Rayna Conn','RaynaConn@e.ca','51');
insert into tickets values ('4076','Roslyn Plamondon','AshantiTrice@e.ca','46');
insert into tickets values ('4174','Brittanie Mento','BrittanieMento@e.ca','238');
insert into tickets values ('4184','Shaun Pink','Evelin@e.ca','215');
insert into tickets values ('4219','Adria Yale','ShantaePoppe@e.ca','47');
insert into tickets values ('4232','Aleta Vanmeter','IdellaKai@e.ca','42');
insert into tickets values ('4242','Roslyn Plamondon','AshantiTrice@e.ca','160');
insert into tickets values ('4297','Renae Escamilla','RenaeEscamilla@e.ca','142');
insert into tickets values ('4310','Courtney Thao','CourtneyThao@e.ca','54');
insert into tickets values ('4319','Nicolas Hanway','MargareteLudl@e.ca','64');
insert into tickets values ('4362','Exie Neidert','ExieNeidert@e.ca','283');
insert into tickets values ('4370','Jaqueline Bonet','JaquelineBonet@e.ca','256');
insert into tickets values ('4430','Fernanda Schneller','DarylManzano@e.ca','214');
insert into tickets values ('4446','Jacqui Hatton','JacquiHatton@e.ca','181');
insert into tickets values ('4459','Ben Kinsler','JanellaWeis@e.ca','67');
insert into tickets values ('4465','Samuel Dipaolo','SamuelDipaolo@e.ca','59');
insert into tickets values ('4486','Elyse Oaks','ElyseOaks@e.ca','160');
insert into tickets values ('4499','Meta Garlock','MetaGarlock@e.ca','429');
insert into tickets values ('4501','Nila Iglesias','BilliBradt@e.ca','139');
insert into tickets values ('4511','Johnna Choudhury','JohnnaChoud@e.ca','389');
insert into tickets values ('4512','Johnathan Jernigan','AshantiTrice@e.ca','220');
insert into tickets values ('4546','Leonel Camarena','JaquelineBonet@e.ca','205');
insert into tickets values ('4547','Harlan Sauer','JaquelineBonet@e.ca','251');
insert into tickets values ('4548','Kathi Uyehara','Glennis@e.ca','48');
insert into tickets values ('4607','Donnetta Dummer','EloisDouthitt@e.ca','203');
insert into tickets values ('4611','Sharda Cifuentes','JaquelineBonet@e.ca','193');
insert into tickets values ('4633','Sanda Haverland','KerriSterba@e.ca','97');
insert into tickets values ('4728','Harlan Sauer','JaquelineBonet@e.ca','31');
insert into tickets values ('4747','Leonida Kyte','KinaMcelfresh@e.ca','77');
insert into tickets values ('4772','Glennis Pasternak','Glennis@e.ca','229');
insert into tickets values ('4782','Selma Caddy','SelmaCaddy@e.ca','143');
insert into tickets values ('4810','Roxane Pankratz','AshantiTrice@e.ca','79');
insert into tickets values ('4852','Daryl Manzano','DarylManzano@e.ca','70');
insert into tickets values ('4918','Lakiesha Janecek','KamilahSwin@e.ca','130');
insert into tickets values ('4923','Clora Demaria','SamuelDipaolo@e.ca','153');
insert into tickets values ('4927','Gena Dodrill','DottyBarsh@e.ca','75');
insert into tickets values ('4965','Genny Musil','UlaStyers@e.ca','443');
insert into tickets values ('4997','Martina Westbrook','Shaniqua@e.ca','151');
insert into tickets values ('4999','Margarete Ludlum','MargareteLudl@e.ca','72');
insert into tickets values ('5017','Rayna Conn','RaynaConn@e.ca','129');
insert into tickets values ('5044','Christoper Batt','ChristoperBatt@e.ca','217');
insert into tickets values ('5057','Leonel Camarena','JaquelineBonet@e.ca','43');
insert into tickets values ('5062','Roxane Pankratz','AshantiTrice@e.ca','49');
insert into tickets values ('5072','Suzie Serrata','SuzieSerrata@e.ca','181');
insert into tickets values ('5084','Alvaro Vaquera','MetaGarlock@e.ca','76');
insert into tickets values ('5127','Romona Piland','JohnnaChoud@e.ca','197');
insert into tickets values ('5136','Francesca Lininger','AshantiTrice@e.ca','497');
insert into tickets values ('5231','Codi Ketner','Glennis@e.ca','78');
insert into tickets values ('5265','Shantae Poppe','ShantaePoppe@e.ca','271');
insert into tickets values ('5277','Fernanda Schneller','DarylManzano@e.ca','235');
insert into tickets values ('5284','Daryl Manzano','DarylManzano@e.ca','256');
insert into tickets values ('5296','Adria Yale','ShantaePoppe@e.ca','65');
insert into tickets values ('5384','Annis Talton','AnnisTalton@e.ca','235');
insert into tickets values ('5428','Mohammed Ross','DottyBarsh@e.ca','416');
insert into tickets values ('5461','Samuel Dipaolo','SamuelDipaolo@e.ca','197');
insert into tickets values ('5477','Olive Clendenin','KerriSterba@e.ca','67');
insert into tickets values ('5480','Jenee Donelson','DottyBarsh@e.ca','47');
insert into tickets values ('5598','Coleen Kantner','IdellaKai@e.ca','146');
insert into tickets values ('5713','Assunta Davis','BilliBradt@e.ca','228');
insert into tickets values ('5794','Glennis Pasternak','Glennis@e.ca','187');
insert into tickets values ('5803','Almeda Coto','AlmedaCoto@e.ca','80');
insert into tickets values ('5816','Ute Audette','UteAudette@e.ca','227');
insert into tickets values ('5869','Devin Ebarb','JacquiHatton@e.ca','416');
insert into tickets values ('5885','Alexandria Docherty','JanellaWeis@e.ca','404');
insert into tickets values ('5892','Raymonde Escamilla','ChristoperBatt@e.ca','88');
insert into tickets values ('5904','Jacqui Hatton','JacquiHatton@e.ca','450');
insert into tickets values ('5905','Reagan Southworth','ReaganSouth@e.ca','300');
insert into tickets values ('5911','Jacqui Hatton','JacquiHatton@e.ca','134');
insert into tickets values ('5929','Johnna Choudhury','JohnnaChoud@e.ca','99');
insert into tickets values ('5937','Sharda Cifuentes','JaquelineBonet@e.ca','208');
insert into tickets values ('5982','Tashina Chesnutt','SamuelDipaolo@e.ca','150');
insert into tickets values ('6003','Angie Dussault','RenaeEscamilla@e.ca','49');
insert into tickets values ('6028','Almeda Coto','AlmedaCoto@e.ca','192');
insert into tickets values ('6033','Jacqui Hatton','JacquiHatton@e.ca','129');
insert into tickets values ('6080','Noella Strasburg','NoellaStras@e.ca','200');
insert into tickets values ('6086','Graig Ridgeway','DottyBarsh@e.ca','149');
insert into tickets values ('6122','Annis Talton','AnnisTalton@e.ca','468');
insert into tickets values ('6160','Dotty Barsh','DottyBarsh@e.ca','31');
insert into tickets values ('6203','Caroll Wakeland','SetsukoBeck@e.ca','220');
insert into tickets values ('6229','Rayna Conn','RaynaConn@e.ca','244');
insert into tickets values ('6272','Harlan Sauer','JaquelineBonet@e.ca','168');
insert into tickets values ('6285','Raymonde Escamilla','ChristoperBatt@e.ca','170');
insert into tickets values ('6310','Samuel Dipaolo','SamuelDipaolo@e.ca','79');
insert into tickets values ('6316','Paulette Awong','KenaRuhland@e.ca','194');
insert into tickets values ('6330','Daniell Rosendahl','ShantaePoppe@e.ca','42');
insert into tickets values ('6332','Annis Talton','AnnisTalton@e.ca','177');
insert into tickets values ('6350','Coleen Kantner','IdellaKai@e.ca','152');
insert into tickets values ('6366','Donte Summers','AileenDaniell@e.ca','126');
insert into tickets values ('6386','Sachiko Weise','Evelin@e.ca','51');
insert into tickets values ('6391','Clora Demaria','SamuelDipaolo@e.ca','157');
insert into tickets values ('6435','Donte Summers','AileenDaniell@e.ca','130');
insert into tickets values ('6510','Luba Fails','ChanellBorth@e.ca','130');
insert into tickets values ('6580','Rodger Manuelito','ElbertDolphin@e.ca','127');
insert into tickets values ('6584','Adria Yale','ShantaePoppe@e.ca','200');
insert into tickets values ('6711','Latasha Maysonet','ChanellBorth@e.ca','161');
insert into tickets values ('6712','Kerri Sterba','KerriSterba@e.ca','129');
insert into tickets values ('6719','Elizbeth Boye','ShantaePoppe@e.ca','148');
insert into tickets values ('6778','Chanell Borth','ChanellBorth@e.ca','65');
insert into tickets values ('6787','Romona Piland','JohnnaChoud@e.ca','246');
insert into tickets values ('6791','Haywood Gathers','Shaniqua@e.ca','465');
insert into tickets values ('6873','Noella Strasburg','NoellaStras@e.ca','182');
insert into tickets values ('6922','Caroll Wakeland','SetsukoBeck@e.ca','70');
insert into tickets values ('6939','Isaac Steptoe','JaquelineBonet@e.ca','141');
insert into tickets values ('6959','Kena Ruhland','KenaRuhland@e.ca','283');
insert into tickets values ('6961','Setsuko Beckmann','SetsukoBeck@e.ca','267');
insert into tickets values ('6972','Ula Styers','UlaStyers@e.ca','214');
insert into tickets values ('6974','Leonel Camarena','JaquelineBonet@e.ca','181');
insert into tickets values ('7012','Nathan Prum','KamilahSwin@e.ca','184');
insert into tickets values ('7022','Blanca Wunder','KinaMcelfresh@e.ca','181');
insert into tickets values ('7037','Violeta Younan','KinaMcelfresh@e.ca','140');
insert into tickets values ('7074','Christoper Batt','ChristoperBatt@e.ca','195');
insert into tickets values ('7101','Charis Speaker','CharisSpeaker@e.ca','169');
insert into tickets values ('7122','Meta Garlock','MetaGarlock@e.ca','251');
insert into tickets values ('7125','Erlene Cahn','BeulaMcmichael@e.ca','44');
insert into tickets values ('7155','Chanell Borth','ChanellBorth@e.ca','33');
insert into tickets values ('7160','Kina Mcelfresh','KinaMcelfresh@e.ca','42');
insert into tickets values ('7177','Janella Weiskopf','JanellaWeis@e.ca','33');
insert into tickets values ('7235','Essie Musser','AshantiTrice@e.ca','35');
insert into tickets values ('7263','Shaniqua Eriksen','Shaniqua@e.ca','42');
insert into tickets values ('7285','Erlene Cahn','BeulaMcmichael@e.ca','242');
insert into tickets values ('7317','Romaine Pina','JacquiHatton@e.ca','53');
insert into tickets values ('7332','Alvaro Vaquera','MetaGarlock@e.ca','49');
insert into tickets values ('7374','Kamilah Swindoll','KamilahSwin@e.ca','181');
insert into tickets values ('7402','Hildegard Beil','BrittanieMento@e.ca','106');
insert into tickets values ('7416','Coleen Kantner','IdellaKai@e.ca','53');
insert into tickets values ('7429','Shira Dynes','KerriSterba@e.ca','193');
insert into tickets values ('7439','Angie Dussault','RenaeEscamilla@e.ca','181');
insert into tickets values ('7475','Sanda Haverland','KerriSterba@e.ca','256');
insert into tickets values ('7479','Samara Friesen','BeulaMcmichael@e.ca','182');
insert into tickets values ('7560','Fernanda Schneller','DarylManzano@e.ca','93');
insert into tickets values ('7566','Jerlene Beam','JerleneBeam@e.ca','43');
insert into tickets values ('7689','Idella Kai','IdellaKai@e.ca','289');
insert into tickets values ('7733','Rudolph Jarrett','MargareteLudl@e.ca','246');
insert into tickets values ('7785','Elizbeth Boye','ShantaePoppe@e.ca','149');
insert into tickets values ('7793','Elanor Bruck','DarylManzano@e.ca','200');
insert into tickets values ('7809','Librada Reddick','MetaGarlock@e.ca','193');
insert into tickets values ('7822','Christiana Ballan','SetsukoBeck@e.ca','187');
insert into tickets values ('7847','Ermelinda Dalby','DottyBarsh@e.ca','256');
insert into tickets values ('7860','Sharda Cifuentes','JaquelineBonet@e.ca','31');
insert into tickets values ('7888','Raymonde Escamilla','ChristoperBatt@e.ca','147');
insert into tickets values ('7910','Avril Scannell','AileenDaniell@e.ca','209');
insert into tickets values ('7945','Ryann Carreno','RyannCarreno@e.ca','34');
insert into tickets values ('7966','Clora Demaria','SamuelDipaolo@e.ca','76');
insert into tickets values ('7975','Dave Gendreau','Lizeth@e.ca','284');
insert into tickets values ('7995','Olive Clendenin','KerriSterba@e.ca','266');
insert into tickets values ('8008','Beula Mcmichael','BeulaMcmichael@e.ca','182');
insert into tickets values ('8020','Lore Pereira','RenaeEscamilla@e.ca','76');
insert into tickets values ('8026','Felicia Rodden','KamilahSwin@e.ca','216');
insert into tickets values ('8075','Delilah Cortinas','DanicaDudgeon@e.ca','42');
insert into tickets values ('8091','Ryann Carreno','RyannCarreno@e.ca','184');
insert into tickets values ('8113','Codi Ketner','Glennis@e.ca','75');
insert into tickets values ('8138','Rayna Conn','RaynaConn@e.ca','53');
insert into tickets values ('8143','Codi Ketner','Glennis@e.ca','130');
insert into tickets values ('8171','Elba Camire','ChanellBorth@e.ca','290');
insert into tickets values ('8182','Johnathan Jernigan','AshantiTrice@e.ca','129');
insert into tickets values ('8188','Christoper Batt','ChristoperBatt@e.ca','63');
insert into tickets values ('8192','Haydee Grief','SuzieSerrata@e.ca','59');
insert into tickets values ('8260','Charmain Keen','SetsukoBeck@e.ca','66');
insert into tickets values ('8280','Nicolas Hanway','MargareteLudl@e.ca','213');
insert into tickets values ('8336','Elyse Oaks','ElyseOaks@e.ca','185');
insert into tickets values ('8425','Isaac Steptoe','JaquelineBonet@e.ca','203');
insert into tickets values ('8438','Kathi Uyehara','Glennis@e.ca','263');
insert into tickets values ('8439','Jackqueline Rink','AileenDaniell@e.ca','200');
insert into tickets values ('8454','Charis Speaker','CharisSpeaker@e.ca','369');
insert into tickets values ('8463','Aileen Daniell','AileenDaniell@e.ca','78');
insert into tickets values ('8474','Raymonde Escamilla','ChristoperBatt@e.ca','129');
insert into tickets values ('8516','Kina Mcelfresh','KinaMcelfresh@e.ca','45');
insert into tickets values ('8517','Shanelle Pinkham','ReaganSouth@e.ca','77');
insert into tickets values ('8560','Maris Knutsen','RaynaConn@e.ca','271');
insert into tickets values ('8572','Tequila Pribble','KerriSterba@e.ca','480');
insert into tickets values ('8628','Glennis Pasternak','Glennis@e.ca','56');
insert into tickets values ('8635','Nila Iglesias','BilliBradt@e.ca','88');
insert into tickets values ('8654','Beula Mcmichael','BeulaMcmichael@e.ca','42');
insert into tickets values ('8657','Kamilah Swindoll','KamilahSwin@e.ca','41');
insert into tickets values ('8670','Kerri Sterba','KerriSterba@e.ca','198');
insert into tickets values ('8727','Ashanti Trice','AshantiTrice@e.ca','215');
insert into tickets values ('8784','Delila Brueggemann','DelilaBruegge@e.ca','37');
insert into tickets values ('8791','Lakiesha Janecek','KamilahSwin@e.ca','130');
insert into tickets values ('8878','Garnet Andres','GarnetAndres@e.ca','77');
insert into tickets values ('8955','Martina Westbrook','Shaniqua@e.ca','497');
insert into tickets values ('8957','Avril Scannell','AileenDaniell@e.ca','139');
insert into tickets values ('8993','Gena Dodrill','DottyBarsh@e.ca','149');
insert into tickets values ('9001','Garnet Andres','GarnetAndres@e.ca','168');
insert into tickets values ('9040','Shira Dynes','KerriSterba@e.ca','61');
insert into tickets values ('9076','Idella Kai','IdellaKai@e.ca','65');
insert into tickets values ('9077','Johnna Choudhury','JohnnaChoud@e.ca','244');
insert into tickets values ('9079','Ryann Carreno','RyannCarreno@e.ca','47');
insert into tickets values ('9164','Kerri Sterba','KerriSterba@e.ca','93');
insert into tickets values ('9173','Johnna Choudhury','JohnnaChoud@e.ca','171');
insert into tickets values ('9204','Kamilah Swindoll','KamilahSwin@e.ca','169');
insert into tickets values ('9276','Donnetta Dummer','EloisDouthitt@e.ca','53');
insert into tickets values ('9285','Corina Baughman','ElyseOaks@e.ca','35');
insert into tickets values ('9312','Sanda Haverland','KerriSterba@e.ca','67');
insert into tickets values ('9313','Kerri Sterba','KerriSterba@e.ca','194');
insert into tickets values ('9326','Essie Musser','AshantiTrice@e.ca','193');
insert into tickets values ('9334','Shira Dynes','KerriSterba@e.ca','31');
insert into tickets values ('9344','Suzie Serrata','SuzieSerrata@e.ca','149');
insert into tickets values ('9351','Dotty Barsh','DottyBarsh@e.ca','61');
insert into tickets values ('9405','Donte Summers','AileenDaniell@e.ca','106');
insert into tickets values ('9417','Conrad Wheeler','BetseyMcclaran@e.ca','273');
insert into tickets values ('9462','Bernarda Moring','AshantiTrice@e.ca','200');
insert into tickets values ('9567','Onie Kenton','RyannCarreno@e.ca','168');
insert into tickets values ('9584','Tashina Chesnutt','SamuelDipaolo@e.ca','46');
insert into tickets values ('9587','Lakiesha Janecek','KamilahSwin@e.ca','252');
insert into tickets values ('9625','Adria Yale','ShantaePoppe@e.ca','431');
insert into tickets values ('9647','Paulette Awong','KenaRuhland@e.ca','49');
insert into tickets values ('9673','Adria Yale','ShantaePoppe@e.ca','376');
insert into tickets values ('9768','Luba Fails','ChanellBorth@e.ca','31');
insert into tickets values ('9781','Reagan Southworth','ReaganSouth@e.ca','284');
insert into tickets values ('9789','Lore Pereira','RenaeEscamilla@e.ca','28');
insert into tickets values ('9897','Adria Yale','ShantaePoppe@e.ca','252');
insert into tickets values ('9913','Romona Piland','JohnnaChoud@e.ca','175');
insert into tickets values ('9927','Kamilah Swindoll','KamilahSwin@e.ca','206');
insert into tickets values ('10001','Harold Ruple','ExieNeidert@e.ca','290');
insert into tickets values ('10020','Elba Camire','ChanellBorth@e.ca','164');
insert into tickets values ('10071','Guy Raulston','AlvertaLietz@e.ca','187');
insert into tickets values ('10110','Setsuko Beckmann','SetsukoBeck@e.ca','146');
insert into tickets values ('10170','Setsuko Beckmann','SetsukoBeck@e.ca','220');
insert into tickets values ('10180','Kathlyn Inniss','Shaniqua@e.ca','337');
insert into tickets values ('10182','Jerlene Wyer','AnnisTalton@e.ca','182');
insert into tickets values ('10193','Elba Camire','ChanellBorth@e.ca','177');
insert into tickets values ('10196','Delila Brueggemann','DelilaBruegge@e.ca','369');
insert into tickets values ('10233','Charmain Keen','SetsukoBeck@e.ca','150');
insert into tickets values ('10235','Aracely Beaupre','DottyBarsh@e.ca','142');
insert into tickets values ('10249','Assunta Davis','BilliBradt@e.ca','178');
insert into tickets values ('10258','Sanda Haverland','KerriSterba@e.ca','46');
insert into tickets values ('10286','Billi Bradt','BilliBradt@e.ca','53');
insert into tickets values ('10298','Elbert Dolphin','ElbertDolphin@e.ca','33');
insert into tickets values ('10329','Erlene Cahn','BeulaMcmichael@e.ca','70');
insert into tickets values ('10355','Mardell Remaley','DottyBarsh@e.ca','133');
insert into tickets values ('10377','Selma Caddy','SelmaCaddy@e.ca','62');
insert into tickets values ('10433','Danica Dudgeon','DanicaDudgeon@e.ca','134');
insert into tickets values ('10452','Gena Dodrill','DottyBarsh@e.ca','66');
insert into tickets values ('10453','Christiana Ballan','SetsukoBeck@e.ca','244');
insert into tickets values ('10468','Mardell Remaley','DottyBarsh@e.ca','347');
insert into tickets values ('10478','Sanda Haverland','KerriSterba@e.ca','151');
insert into tickets values ('10498','Harlan Sauer','JaquelineBonet@e.ca','93');
insert into tickets values ('10550','Guy Raulston','AlvertaLietz@e.ca','217');
insert into tickets values ('10561','Elois Douthitt','EloisDouthitt@e.ca','228');
insert into tickets values ('10567','Marcelle Rank','KamilahSwin@e.ca','80');
insert into tickets values ('10570','Charis Speaker','CharisSpeaker@e.ca','258');
insert into tickets values ('10577','Caroll Wakeland','SetsukoBeck@e.ca','199');
insert into tickets values ('10615','Martina Westbrook','Shaniqua@e.ca','268');
insert into tickets values ('10622','Evelin Hillhouse','Evelin@e.ca','300');
insert into tickets values ('10697','Rosalina Fermin','JohnnaChoud@e.ca','290');
insert into tickets values ('10698','Danica Dudgeon','DanicaDudgeon@e.ca','45');
insert into tickets values ('10769','Haywood Gathers','Shaniqua@e.ca','130');
insert into tickets values ('10787','Annis Talton','AnnisTalton@e.ca','75');
insert into tickets values ('10817','Setsuko Beckmann','SetsukoBeck@e.ca','230');
insert into tickets values ('10819','Romaine Pina','JacquiHatton@e.ca','100');
insert into tickets values ('10836','Shaun Pink','Evelin@e.ca','37');
insert into tickets values ('10842','Ula Styers','UlaStyers@e.ca','267');
insert into tickets values ('10898','Jackqueline Rink','AileenDaniell@e.ca','56');
insert into tickets values ('10954','Elanor Bruck','DarylManzano@e.ca','31');
insert into tickets values ('10971','Elois Douthitt','EloisDouthitt@e.ca','300');
insert into tickets values ('10977','Reagan Southworth','ReaganSouth@e.ca','63');
insert into tickets values ('11010','Selma Caddy','SelmaCaddy@e.ca','49');
insert into tickets values ('11024','Adria Yale','ShantaePoppe@e.ca','64');
insert into tickets values ('11089','Christiana Ballan','SetsukoBeck@e.ca','58');
insert into tickets values ('11183','Aracely Beaupre','DottyBarsh@e.ca','161');
insert into tickets values ('11299','Daryl Manzano','DarylManzano@e.ca','50');
insert into tickets values ('11305','Ermelinda Dalby','DottyBarsh@e.ca','228');
insert into tickets values ('11307','Daniell Rosendahl','ShantaePoppe@e.ca','160');
insert into tickets values ('11337','Shanelle Pinkham','ReaganSouth@e.ca','37');
insert into tickets values ('11355','Conrad Wheeler','BetseyMcclaran@e.ca','189');
insert into tickets values ('11368','Betsey Mcclaran','BetseyMcclaran@e.ca','133');
insert into tickets values ('11420','Jerlene Beam','JerleneBeam@e.ca','211');
insert into tickets values ('11425','Roslyn Plamondon','AshantiTrice@e.ca','141');
insert into tickets values ('11468','Daniell Rosendahl','ShantaePoppe@e.ca','61');
insert into tickets values ('11481','Billi Bradt','BilliBradt@e.ca','73');
insert into tickets values ('11551','Codi Ketner','Glennis@e.ca','443');
insert into tickets values ('11605','Jenee Donelson','DottyBarsh@e.ca','53');
insert into tickets values ('11659','Karla Istre','SelmaCaddy@e.ca','136');
insert into tickets values ('11679','Sanda Haverland','KerriSterba@e.ca','376');
insert into tickets values ('11713','Adria Yale','ShantaePoppe@e.ca','161');
insert into tickets values ('11733','Roxane Pankratz','AshantiTrice@e.ca','60');
insert into tickets values ('11746','Clyde Tripp','Glennis@e.ca','63');
insert into tickets values ('11775','Meta Garlock','MetaGarlock@e.ca','64');
insert into tickets values ('11797','Charmain Keen','SetsukoBeck@e.ca','117');
insert into tickets values ('11809','Alvaro Vaquera','MetaGarlock@e.ca','69');
insert into tickets values ('11858','Romaine Pina','JacquiHatton@e.ca','157');
insert into tickets values ('11908','Margarete Ludlum','MargareteLudl@e.ca','58');
insert into tickets values ('11979','Margarete Ludlum','MargareteLudl@e.ca','53');
insert into tickets values ('11990','Kathlyn Inniss','Shaniqua@e.ca','129');
insert into tickets values ('12022','Ngan Gaitan','ElyseOaks@e.ca','279');
insert into tickets values ('12026','Aileen Daniell','AileenDaniell@e.ca','129');
insert into tickets values ('12070','Reagan Southworth','ReaganSouth@e.ca','88');
insert into tickets values ('12104','Almeda Coto','AlmedaCoto@e.ca','234');
insert into tickets values ('12107','Lakiesha Janecek','KamilahSwin@e.ca','54');
insert into tickets values ('12142','Abram Drumheller','AshantiTrice@e.ca','136');
insert into tickets values ('12150','Evelin Hillhouse','Evelin@e.ca','266');
insert into tickets values ('12163','Donte Summers','AileenDaniell@e.ca','77');
insert into tickets values ('12176','Bernarda Moring','AshantiTrice@e.ca','215');
insert into tickets values ('12224','Shanelle Pinkham','ReaganSouth@e.ca','217');
insert into tickets values ('12251','Devin Ebarb','JacquiHatton@e.ca','44');
insert into tickets values ('12258','Shanelle Pinkham','ReaganSouth@e.ca','220');
insert into tickets values ('12299','Adria Yale','ShantaePoppe@e.ca','193');
insert into tickets values ('12321','Christoper Batt','ChristoperBatt@e.ca','127');
insert into tickets values ('12334','Annis Talton','AnnisTalton@e.ca','347');
insert into tickets values ('12336','Beula Mcmichael','BeulaMcmichael@e.ca','337');
insert into tickets values ('12339','Elanor Bruck','DarylManzano@e.ca','468');
insert into tickets values ('12351','Mardell Remaley','DottyBarsh@e.ca','189');
insert into tickets values ('12381','Elyse Oaks','ElyseOaks@e.ca','227');
insert into tickets values ('12393','Tari Lefort','JerleneBeam@e.ca','151');
insert into tickets values ('12409','Angie Dussault','RenaeEscamilla@e.ca','193');
insert into tickets values ('12424','Tequila Pribble','KerriSterba@e.ca','266');
insert into tickets values ('12452','Romaine Pina','JacquiHatton@e.ca','174');
insert into tickets values ('12453','Leonida Kyte','KinaMcelfresh@e.ca','150');
insert into tickets values ('12493','Mohammed Ross','DottyBarsh@e.ca','204');
insert into tickets values ('12496','Noella Strasburg','NoellaStras@e.ca','56');
insert into tickets values ('12516','Donte Summers','AileenDaniell@e.ca','78');
insert into tickets values ('12521','Caroll Wakeland','SetsukoBeck@e.ca','278');
insert into tickets values ('12593','Blanca Wunder','KinaMcelfresh@e.ca','45');
insert into tickets values ('12595','Tashina Chesnutt','SamuelDipaolo@e.ca','218');
insert into tickets values ('12634','Alexandria Docherty','JanellaWeis@e.ca','54');
insert into tickets values ('12641','Ute Audette','UteAudette@e.ca','47');
insert into tickets values ('12644','Romaine Pina','JacquiHatton@e.ca','150');
insert into tickets values ('12645','Meta Garlock','MetaGarlock@e.ca','429');
insert into tickets values ('12659','Kena Ruhland','KenaRuhland@e.ca','58');
insert into tickets values ('12692','Bernarda Moring','AshantiTrice@e.ca','235');
insert into tickets values ('12695','Maris Knutsen','RaynaConn@e.ca','175');
insert into tickets values ('12730','Kamilah Swindoll','KamilahSwin@e.ca','219');
insert into tickets values ('12741','Codi Ketner','Glennis@e.ca','285');
insert into tickets values ('12756','Nathan Prum','KamilahSwin@e.ca','192');
insert into tickets values ('12773','Luba Fails','ChanellBorth@e.ca','168');
insert into tickets values ('12812','Ryan Sand','MargareteLudl@e.ca','229');
insert into tickets values ('12813','Selma Caddy','SelmaCaddy@e.ca','68');
insert into tickets values ('12821','Shaniqua Eriksen','Shaniqua@e.ca','71');
insert into tickets values ('12897','Fernanda Schneller','DarylManzano@e.ca','37');
insert into tickets values ('12898','Lahoma Broaddus','AshantiTrice@e.ca','136');
insert into tickets values ('12923','Alexandria Docherty','JanellaWeis@e.ca','184');
insert into tickets values ('12959','Ben Kinsler','JanellaWeis@e.ca','34');
insert into tickets values ('12961','Noella Strasburg','NoellaStras@e.ca','67');
insert into tickets values ('12996','Daryl Manzano','DarylManzano@e.ca','46');
insert into tickets values ('13025','Christoper Batt','ChristoperBatt@e.ca','235');
insert into tickets values ('13047','Kathi Uyehara','Glennis@e.ca','40');
insert into tickets values ('13074','Sharda Cifuentes','JaquelineBonet@e.ca','76');
insert into tickets values ('13089','Elba Camire','ChanellBorth@e.ca','77');
insert into tickets values ('13091','Elois Douthitt','EloisDouthitt@e.ca','130');
insert into tickets values ('13144','Ryan Sand','MargareteLudl@e.ca','61');
insert into tickets values ('13175','Selma Caddy','SelmaCaddy@e.ca','60');
insert into tickets values ('13229','Lakiesha Janecek','KamilahSwin@e.ca','47');
insert into tickets values ('13257','Renae Escamilla','RenaeEscamilla@e.ca','54');
insert into tickets values ('13299','Maris Knutsen','RaynaConn@e.ca','64');
insert into tickets values ('13336','Shaniqua Eriksen','Shaniqua@e.ca','62');
insert into tickets values ('13363','Roxane Pankratz','AshantiTrice@e.ca','78');
insert into tickets values ('13382','Janella Weiskopf','JanellaWeis@e.ca','128');
insert into tickets values ('13386','Clora Demaria','SamuelDipaolo@e.ca','125');
insert into tickets values ('13429','Kathi Uyehara','Glennis@e.ca','33');
insert into tickets values ('13463','Alverta Lietz','AlvertaLietz@e.ca','228');
insert into tickets values ('13541','Alexandria Docherty','JanellaWeis@e.ca','127');
insert into tickets values ('13560','Guy Raulston','AlvertaLietz@e.ca','52');
insert into tickets values ('13610','Christiana Ballan','SetsukoBeck@e.ca','65');
insert into tickets values ('13624','Rodger Manuelito','ElbertDolphin@e.ca','213');
insert into tickets values ('13646','Ben Kinsler','JanellaWeis@e.ca','184');
insert into tickets values ('13660','Aleta Vanmeter','IdellaKai@e.ca','164');
insert into tickets values ('13684','Kathi Uyehara','Glennis@e.ca','45');
insert into tickets values ('13685','Kena Ruhland','KenaRuhland@e.ca','300');
insert into tickets values ('13692','Adria Yale','ShantaePoppe@e.ca','70');
insert into tickets values ('13704','Martina Westbrook','Shaniqua@e.ca','64');
insert into tickets values ('13759','Latasha Maysonet','ChanellBorth@e.ca','61');
insert into tickets values ('13805','Lore Pereira','RenaeEscamilla@e.ca','238');
insert into tickets values ('13817','Genny Musil','UlaStyers@e.ca','41');
insert into tickets values ('13824','Shanelle Pinkham','ReaganSouth@e.ca','58');
insert into tickets values ('13826','Coleen Kantner','IdellaKai@e.ca','52');
insert into tickets values ('13829','Francesca Lininger','AshantiTrice@e.ca','129');
insert into tickets values ('13900','Essie Musser','AshantiTrice@e.ca','220');
insert into tickets values ('13910','Olive Clendenin','KerriSterba@e.ca','179');
insert into tickets values ('13928','Adria Yale','ShantaePoppe@e.ca','172');
insert into tickets values ('13942','Rodger Manuelito','ElbertDolphin@e.ca','369');
insert into tickets values ('13961','Ermelinda Dalby','DottyBarsh@e.ca','177');
insert into tickets values ('13993','Shira Dynes','KerriSterba@e.ca','438');
insert into tickets values ('13994','Danica Dudgeon','DanicaDudgeon@e.ca','282');
insert into tickets values ('14001','Ermelinda Dalby','DottyBarsh@e.ca','162');
insert into tickets values ('14011','Lavon Hilyard','SelmaCaddy@e.ca','407');
insert into tickets values ('14123','Graig Ridgeway','DottyBarsh@e.ca','117');
insert into tickets values ('14124','Leonida Kyte','KinaMcelfresh@e.ca','273');
insert into tickets values ('14148','Gena Dodrill','DottyBarsh@e.ca','166');
insert into tickets values ('14168','Nicolas Hanway','MargareteLudl@e.ca','184');
insert into tickets values ('14171','Alvaro Vaquera','MetaGarlock@e.ca','120');
insert into tickets values ('14206','Nicolas Hanway','MargareteLudl@e.ca','124');
insert into tickets values ('14244','Abram Drumheller','AshantiTrice@e.ca','54');
insert into tickets values ('14248','Sharda Cifuentes','JaquelineBonet@e.ca','56');
insert into tickets values ('14278','Dedra Dahm','ReaganSouth@e.ca','182');
insert into tickets values ('14283','Charis Speaker','CharisSpeaker@e.ca','48');
insert into tickets values ('14285','Kina Mcelfresh','KinaMcelfresh@e.ca','49');
insert into tickets values ('14296','Rudolph Jarrett','MargareteLudl@e.ca','256');
insert into tickets values ('14309','Erlene Cahn','BeulaMcmichael@e.ca','200');
insert into tickets values ('14322','Mohammed Ross','DottyBarsh@e.ca','150');
insert into tickets values ('14324','Leonida Kyte','KinaMcelfresh@e.ca','116');
insert into tickets values ('14369','Violeta Younan','KinaMcelfresh@e.ca','49');
insert into tickets values ('14377','Rodger Manuelito','ElbertDolphin@e.ca','283');
insert into tickets values ('14380','Olive Clendenin','KerriSterba@e.ca','177');
insert into tickets values ('14421','Blanca Wunder','KinaMcelfresh@e.ca','282');
insert into tickets values ('14445','Donnetta Dummer','EloisDouthitt@e.ca','75');
insert into tickets values ('14449','Olive Clendenin','KerriSterba@e.ca','161');
insert into tickets values ('14482','Kena Ruhland','KenaRuhland@e.ca','51');
insert into tickets values ('14495','Tequila Pribble','KerriSterba@e.ca','102');
insert into tickets values ('14522','Erlene Cahn','BeulaMcmichael@e.ca','178');
insert into tickets values ('14543','Ute Audette','UteAudette@e.ca','60');
insert into tickets values ('14551','Ashanti Trice','AshantiTrice@e.ca','77');
insert into tickets values ('14553','Conrad Wheeler','BetseyMcclaran@e.ca','197');
insert into tickets values ('14600','Jacqui Hatton','JacquiHatton@e.ca','229');
insert into tickets values ('14610','Brittanie Mento','BrittanieMento@e.ca','183');
insert into tickets values ('14678','Corina Baughman','ElyseOaks@e.ca','129');
insert into tickets values ('14686','Dedra Dahm','ReaganSouth@e.ca','43');
insert into tickets values ('14790','Ben Kinsler','JanellaWeis@e.ca','214');
insert into tickets values ('14804','Ryan Sand','MargareteLudl@e.ca','194');
insert into tickets values ('14809','Beula Mcmichael','BeulaMcmichael@e.ca','60');
insert into tickets values ('14845','Ben Kinsler','JanellaWeis@e.ca','67');
insert into tickets values ('14850','Felicia Rodden','KamilahSwin@e.ca','178');
insert into tickets values ('14889','Kathlyn Inniss','Shaniqua@e.ca','149');
insert into tickets values ('14908','Hildegard Beil','BrittanieMento@e.ca','220');
insert into tickets values ('14935','Olive Clendenin','KerriSterba@e.ca','169');
insert into tickets values ('14945','Jackqueline Rink','AileenDaniell@e.ca','47');
insert into tickets values ('14972','Annis Talton','AnnisTalton@e.ca','80');
insert into tickets values ('15006','Billi Bradt','BilliBradt@e.ca','129');
insert into tickets values ('15047','Lahoma Broaddus','AshantiTrice@e.ca','235');
insert into tickets values ('15051','Ryan Sand','MargareteLudl@e.ca','68');
insert into tickets values ('15088','Idella Kai','IdellaKai@e.ca','40');
insert into tickets values ('15106','Dave Gendreau','Lizeth@e.ca','56');
insert into tickets values ('15117','Alexandria Docherty','JanellaWeis@e.ca','266');
insert into tickets values ('15131','Aileen Daniell','AileenDaniell@e.ca','72');
insert into tickets values ('15145','Brittanie Mento','BrittanieMento@e.ca','160');
insert into tickets values ('15147','Mohammed Ross','DottyBarsh@e.ca','164');
insert into tickets values ('15150','Olive Clendenin','KerriSterba@e.ca','35');
insert into tickets values ('15162','Johnna Choudhury','JohnnaChoud@e.ca','136');
insert into tickets values ('15198','Beula Mcmichael','BeulaMcmichael@e.ca','215');
insert into tickets values ('15263','Idella Kai','IdellaKai@e.ca','185');
insert into tickets values ('15271','Exie Neidert','ExieNeidert@e.ca','61');
insert into tickets values ('15283','Evelin Hillhouse','Evelin@e.ca','139');
insert into tickets values ('15301','Tashina Chesnutt','SamuelDipaolo@e.ca','168');
insert into tickets values ('15354','Rudolph Jarrett','MargareteLudl@e.ca','251');
insert into tickets values ('15363','Nila Iglesias','BilliBradt@e.ca','171');
insert into tickets values ('15402','Harlan Sauer','JaquelineBonet@e.ca','69');
insert into tickets values ('15426','Reagan Southworth','ReaganSouth@e.ca','247');
insert into tickets values ('15438','Charis Speaker','CharisSpeaker@e.ca','246');
insert into tickets values ('15447','Aleta Vanmeter','IdellaKai@e.ca','227');
insert into tickets values ('15464','Alverta Lietz','AlvertaLietz@e.ca','46');
insert into tickets values ('15508','Gena Dodrill','DottyBarsh@e.ca','56');
insert into tickets values ('15515','Librada Reddick','MetaGarlock@e.ca','208');
insert into tickets values ('15569','Bernarda Moring','AshantiTrice@e.ca','443');
insert into tickets values ('15589','Shaun Pink','Evelin@e.ca','456');
insert into tickets values ('15600','Exie Neidert','ExieNeidert@e.ca','153');
insert into tickets values ('15612','Erlene Cahn','BeulaMcmichael@e.ca','172');
insert into tickets values ('15639','Donte Summers','AileenDaniell@e.ca','104');
insert into tickets values ('15642','Samara Friesen','BeulaMcmichael@e.ca','134');
insert into tickets values ('15645','Lore Pereira','RenaeEscamilla@e.ca','33');
insert into tickets values ('15683','Codi Ketner','Glennis@e.ca','292');
insert into tickets values ('15739','Chanell Borth','ChanellBorth@e.ca','213');
insert into tickets values ('15744','Samara Friesen','BeulaMcmichael@e.ca','407');
insert into tickets values ('15762','Sharda Cifuentes','JaquelineBonet@e.ca','28');
insert into tickets values ('15767','Betsey Mcclaran','BetseyMcclaran@e.ca','199');
insert into tickets values ('15780','Samuel Dipaolo','SamuelDipaolo@e.ca','235');
insert into tickets values ('15923','Shira Dynes','KerriSterba@e.ca','373');
insert into tickets values ('15924','Roslyn Plamondon','AshantiTrice@e.ca','284');
insert into tickets values ('15931','Avril Scannell','AileenDaniell@e.ca','171');
insert into tickets values ('15940','Janella Weiskopf','JanellaWeis@e.ca','204');
insert into tickets values ('15950','Rosalina Fermin','JohnnaChoud@e.ca','264');
insert into tickets values ('16031','Nila Iglesias','BilliBradt@e.ca','194');
insert into tickets values ('16034','Clora Demaria','SamuelDipaolo@e.ca','134');
insert into tickets values ('16053','Jerlene Wyer','AnnisTalton@e.ca','99');
insert into tickets values ('16063','Nila Iglesias','BilliBradt@e.ca','285');
insert into tickets values ('16064','Margarete Ludlum','MargareteLudl@e.ca','227');
insert into tickets values ('16075','Elbert Dolphin','ElbertDolphin@e.ca','248');
insert into tickets values ('16100','Samuel Dipaolo','SamuelDipaolo@e.ca','184');
insert into tickets values ('16124','Dung Toland','UlaStyers@e.ca','284');
insert into tickets values ('16131','Graig Ridgeway','DottyBarsh@e.ca','131');
insert into tickets values ('16144','Foster Durkin','SuzieSerrata@e.ca','238');
insert into tickets values ('16215','Tyron Bushell','AlvertaLietz@e.ca','151');
insert into tickets values ('16253','Johnna Choudhury','JohnnaChoud@e.ca','271');
insert into tickets values ('16259','Aracely Beaupre','DottyBarsh@e.ca','211');
insert into tickets values ('16261','Reagan Southworth','ReaganSouth@e.ca','220');
insert into tickets values ('16305','Foster Durkin','SuzieSerrata@e.ca','127');
insert into tickets values ('16323','Kina Mcelfresh','KinaMcelfresh@e.ca','166');
insert into tickets values ('16325','Ryan Sand','MargareteLudl@e.ca','102');
insert into tickets values ('16333','Gena Dodrill','DottyBarsh@e.ca','480');
insert into tickets values ('16382','Ngan Gaitan','ElyseOaks@e.ca','230');
insert into tickets values ('16386','Clora Demaria','SamuelDipaolo@e.ca','240');
insert into tickets values ('16398','Shira Dynes','KerriSterba@e.ca','184');
insert into tickets values ('16407','Tashina Chesnutt','SamuelDipaolo@e.ca','100');
insert into tickets values ('16411','Elbert Dolphin','ElbertDolphin@e.ca','35');
insert into tickets values ('16415','Evelin Hillhouse','Evelin@e.ca','68');
insert into tickets values ('16469','Roslyn Plamondon','AshantiTrice@e.ca','217');
insert into tickets values ('16473','Roslyn Plamondon','AshantiTrice@e.ca','80');
insert into tickets values ('16529','Donte Summers','AileenDaniell@e.ca','146');
insert into tickets values ('16540','Latasha Maysonet','ChanellBorth@e.ca','491');
insert into tickets values ('16560','Gena Dodrill','DottyBarsh@e.ca','264');
insert into tickets values ('16571','Harlan Sauer','JaquelineBonet@e.ca','168');
insert into tickets values ('16611','Ula Styers','UlaStyers@e.ca','62');
insert into tickets values ('16712','Coleen Kantner','IdellaKai@e.ca','58');
insert into tickets values ('16713','Haydee Grief','SuzieSerrata@e.ca','193');
insert into tickets values ('16724','Shira Dynes','KerriSterba@e.ca','195');
insert into tickets values ('16742','Donte Summers','AileenDaniell@e.ca','300');
insert into tickets values ('16746','Ute Audette','UteAudette@e.ca','166');
insert into tickets values ('16752','Roslyn Plamondon','AshantiTrice@e.ca','375');
insert into tickets values ('16754','Lizeth Fenstermaker','Lizeth@e.ca','193');
insert into tickets values ('16763','Shantae Poppe','ShantaePoppe@e.ca','214');
insert into tickets values ('16842','Evelin Hillhouse','Evelin@e.ca','177');
insert into tickets values ('16962','Rosalina Fermin','JohnnaChoud@e.ca','204');
insert into tickets values ('16973','Roxane Pankratz','AshantiTrice@e.ca','129');
insert into tickets values ('17008','Elbert Dolphin','ElbertDolphin@e.ca','102');
insert into tickets values ('17082','Tashina Chesnutt','SamuelDipaolo@e.ca','46');
insert into tickets values ('17096','Felicia Rodden','KamilahSwin@e.ca','219');
insert into tickets values ('17118','Jacqui Hatton','JacquiHatton@e.ca','33');
insert into tickets values ('17138','Charis Speaker','CharisSpeaker@e.ca','229');
insert into tickets values ('17147','Kamilah Swindoll','KamilahSwin@e.ca','263');
insert into tickets values ('17175','Shaniqua Eriksen','Shaniqua@e.ca','41');
insert into tickets values ('17195','Kena Ruhland','KenaRuhland@e.ca','61');
insert into tickets values ('17205','Onie Kenton','RyannCarreno@e.ca','79');
insert into tickets values ('17232','Erlene Cahn','BeulaMcmichael@e.ca','129');
insert into tickets values ('17275','Martina Westbrook','Shaniqua@e.ca','242');
insert into tickets values ('17295','Karla Istre','SelmaCaddy@e.ca','56');
insert into tickets values ('17299','Rayna Conn','RaynaConn@e.ca','160');
insert into tickets values ('17321','Noella Strasburg','NoellaStras@e.ca','37');
insert into tickets values ('17380','Tashina Chesnutt','SamuelDipaolo@e.ca','220');
insert into tickets values ('17429','Karla Istre','SelmaCaddy@e.ca','420');
insert into tickets values ('17437','Caroll Wakeland','SetsukoBeck@e.ca','239');
insert into tickets values ('17445','Glennis Pasternak','Glennis@e.ca','235');
insert into tickets values ('17459','Dung Toland','UlaStyers@e.ca','204');
insert into tickets values ('17479','Violeta Younan','KinaMcelfresh@e.ca','76');
insert into tickets values ('17506','Samara Friesen','BeulaMcmichael@e.ca','180');
insert into tickets values ('17543','Haywood Gathers','Shaniqua@e.ca','141');
insert into tickets values ('17647','Graig Ridgeway','DottyBarsh@e.ca','76');
insert into tickets values ('17674','Johnathan Jernigan','AshantiTrice@e.ca','150');
insert into tickets values ('17721','Jerlene Beam','JerleneBeam@e.ca','228');
insert into tickets values ('17792','Danica Dudgeon','DanicaDudgeon@e.ca','42');
insert into tickets values ('17814','Alverta Lietz','AlvertaLietz@e.ca','294');
insert into tickets values ('17815','Aileen Daniell','AileenDaniell@e.ca','284');
insert into tickets values ('17829','Brittanie Mento','BrittanieMento@e.ca','256');
insert into tickets values ('17846','Donte Summers','AileenDaniell@e.ca','61');
insert into tickets values ('17851','Devin Ebarb','JacquiHatton@e.ca','164');
insert into tickets values ('17852','Ngan Gaitan','ElyseOaks@e.ca','35');
insert into tickets values ('17860','Lakiesha Janecek','KamilahSwin@e.ca','129');
insert into tickets values ('17861','Selma Caddy','SelmaCaddy@e.ca','157');
insert into tickets values ('17874','Rudolph Jarrett','MargareteLudl@e.ca','59');
insert into tickets values ('17942','Ryann Carreno','RyannCarreno@e.ca','35');
insert into tickets values ('18032','Shanelle Pinkham','ReaganSouth@e.ca','233');
insert into tickets values ('18084','Sharda Cifuentes','JaquelineBonet@e.ca','264');
insert into tickets values ('18127','Fernanda Schneller','DarylManzano@e.ca','181');
insert into tickets values ('18196','Almeda Coto','AlmedaCoto@e.ca','420');
insert into tickets values ('18201','Foster Durkin','SuzieSerrata@e.ca','266');
insert into tickets values ('18311','Evelin Hillhouse','Evelin@e.ca','44');
insert into tickets values ('18346','Courtney Thao','CourtneyThao@e.ca','103');
insert into tickets values ('18357','Felicia Rodden','KamilahSwin@e.ca','40');
insert into tickets values ('18379','Raymonde Escamilla','ChristoperBatt@e.ca','42');
insert into tickets values ('18391','Christiana Ballan','SetsukoBeck@e.ca','180');
insert into tickets values ('18402','Ben Kinsler','JanellaWeis@e.ca','62');
insert into tickets values ('18445','Alvaro Vaquera','MetaGarlock@e.ca','136');
insert into tickets values ('18488','Jerlene Wyer','AnnisTalton@e.ca','174');
insert into tickets values ('18503','Latasha Maysonet','ChanellBorth@e.ca','443');
insert into tickets values ('18526','Ryann Carreno','RyannCarreno@e.ca','179');
insert into tickets values ('18582','Almeda Coto','AlmedaCoto@e.ca','37');
insert into tickets values ('18590','Bernarda Moring','AshantiTrice@e.ca','166');
insert into tickets values ('18595','Luba Fails','ChanellBorth@e.ca','256');
insert into tickets values ('18647','Elois Douthitt','EloisDouthitt@e.ca','58');
insert into tickets values ('18682','Glennis Pasternak','Glennis@e.ca','116');
insert into tickets values ('18766','Samuel Dipaolo','SamuelDipaolo@e.ca','235');
insert into tickets values ('18779','Leonida Kyte','KinaMcelfresh@e.ca','179');
insert into tickets values ('18790','Charis Speaker','CharisSpeaker@e.ca','35');
insert into tickets values ('18803','Haydee Grief','SuzieSerrata@e.ca','192');
insert into tickets values ('18825','Kathi Uyehara','Glennis@e.ca','279');
insert into tickets values ('18864','Lavon Hilyard','SelmaCaddy@e.ca','49');
insert into tickets values ('18878','Shantae Poppe','ShantaePoppe@e.ca','49');
insert into tickets values ('18894','Elbert Dolphin','ElbertDolphin@e.ca','170');
insert into tickets values ('18928','Nila Iglesias','BilliBradt@e.ca','300');
insert into tickets values ('18930','Paulette Awong','KenaRuhland@e.ca','279');
insert into tickets values ('18959','Hildegard Beil','BrittanieMento@e.ca','34');
insert into tickets values ('18976','Graig Ridgeway','DottyBarsh@e.ca','70');
insert into tickets values ('18987','Violeta Younan','KinaMcelfresh@e.ca','283');
insert into tickets values ('18997','Ula Styers','UlaStyers@e.ca','209');
insert into tickets values ('19009','Mardell Remaley','DottyBarsh@e.ca','450');
insert into tickets values ('19044','Elba Camire','ChanellBorth@e.ca','67');
insert into tickets values ('19053','Ben Kinsler','JanellaWeis@e.ca','68');
insert into tickets values ('19056','Fernanda Schneller','DarylManzano@e.ca','62');
insert into tickets values ('19063','Tyron Bushell','AlvertaLietz@e.ca','37');
insert into tickets values ('19095','Foster Durkin','SuzieSerrata@e.ca','168');
insert into tickets values ('19138','Paulette Awong','KenaRuhland@e.ca','134');
insert into tickets values ('19173','Selma Caddy','SelmaCaddy@e.ca','198');
insert into tickets values ('19184','Annis Talton','AnnisTalton@e.ca','51');
insert into tickets values ('19209','Jaqueline Bonet','JaquelineBonet@e.ca','230');
insert into tickets values ('19224','Harlan Sauer','JaquelineBonet@e.ca','436');
insert into tickets values ('19265','Dave Gendreau','Lizeth@e.ca','126');
insert into tickets values ('19271','Karla Istre','SelmaCaddy@e.ca','183');
insert into tickets values ('19277','Kina Mcelfresh','KinaMcelfresh@e.ca','159');
insert into tickets values ('19305','Lizeth Fenstermaker','Lizeth@e.ca','101');
insert into tickets values ('19339','Ngan Gaitan','ElyseOaks@e.ca','54');
insert into tickets values ('19342','Jenee Donelson','DottyBarsh@e.ca','196');
insert into tickets values ('19384','Almeda Coto','AlmedaCoto@e.ca','300');
insert into tickets values ('19450','Glennis Pasternak','Glennis@e.ca','177');
insert into tickets values ('19468','Renae Escamilla','RenaeEscamilla@e.ca','264');
insert into tickets values ('19488','Guy Raulston','AlvertaLietz@e.ca','46');
insert into tickets values ('19492','Guy Raulston','AlvertaLietz@e.ca','57');
insert into tickets values ('19513','Sharda Cifuentes','JaquelineBonet@e.ca','71');
insert into tickets values ('19569','Donnetta Dummer','EloisDouthitt@e.ca','273');
insert into tickets values ('19583','Dung Toland','UlaStyers@e.ca','60');
insert into tickets values ('19593','Violeta Younan','KinaMcelfresh@e.ca','58');
insert into tickets values ('19594','Setsuko Beckmann','SetsukoBeck@e.ca','267');
insert into tickets values ('19604','Nathan Prum','KamilahSwin@e.ca','238');
insert into tickets values ('19627','Dave Gendreau','Lizeth@e.ca','65');
insert into tickets values ('19636','Coleen Kantner','IdellaKai@e.ca','56');




insert into bookings values ('114','WJ1319','F',to_date('02-Jul-2015','DD-Mon-YYYY'),'26A');
insert into bookings values ('130','WJ1274','C',to_date('29-Jun-2015','DD-Mon-YYYY'),'6F');
insert into bookings values ('134','WJ385','B',to_date('12-Jul-2015','DD-Mon-YYYY'),'14A');
insert into bookings values ('136','AC1553','T',to_date('01-Aug-2015','DD-Mon-YYYY'),'1F');
insert into bookings values ('137','WJ442','T',to_date('24-Aug-2015','DD-Mon-YYYY'),'7B');
insert into bookings values ('156','WJ676','T',to_date('02-Jul-2015','DD-Mon-YYYY'),'7E');
insert into bookings values ('159','AC173','E',to_date('29-Dec-2015','DD-Mon-YYYY'),'13B');
insert into bookings values ('183','WJ356','F',to_date('02-Sep-2015','DD-Mon-YYYY'),'26B');
insert into bookings values ('256','WJ1976','E',to_date('10-Aug-2015','DD-Mon-YYYY'),'2B');
insert into bookings values ('262','WJ676','X',to_date('19-Aug-2015','DD-Mon-YYYY'),'3C');
insert into bookings values ('320','WJ214','T',to_date('14-Jul-2015','DD-Mon-YYYY'),'15A');
insert into bookings values ('352','WJ336','C',to_date('20-Dec-2015','DD-Mon-YYYY'),'2D');
insert into bookings values ('356','AC685','F',to_date('30-Nov-2015','DD-Mon-YYYY'),'21D');
insert into bookings values ('403','WJ336','C',to_date('05-Dec-2015','DD-Mon-YYYY'),'13C');
insert into bookings values ('437','WJ982','N',to_date('17-Dec-2015','DD-Mon-YYYY'),'21F');
insert into bookings values ('501','WJ1853','C',to_date('17-Oct-2015','DD-Mon-YYYY'),'14C');
insert into bookings values ('511','WJ2467','T',to_date('13-Jul-2015','DD-Mon-YYYY'),'2D');
insert into bookings values ('518','WJ477','X',to_date('12-Aug-2015','DD-Mon-YYYY'),'7C');
insert into bookings values ('535','WJ1559','T',to_date('07-Dec-2015','DD-Mon-YYYY'),'12C');
insert into bookings values ('567','WJ2029','F',to_date('17-Dec-2015','DD-Mon-YYYY'),'5D');
insert into bookings values ('596','WJ2368','E',to_date('24-Jul-2015','DD-Mon-YYYY'),'4E');
insert into bookings values ('717','AC2419','X',to_date('27-Aug-2015','DD-Mon-YYYY'),'7F');
insert into bookings values ('721','AC1674','B',to_date('13-Aug-2015','DD-Mon-YYYY'),'26A');
insert into bookings values ('729','WJ1945','F',to_date('26-Aug-2015','DD-Mon-YYYY'),'19C');
insert into bookings values ('788','AC1756','N',to_date('14-Jun-2015','DD-Mon-YYYY'),'18E');
insert into bookings values ('872','WJ336','X',to_date('26-Oct-2015','DD-Mon-YYYY'),'20C');
insert into bookings values ('878','WJ166','T',to_date('24-Sep-2015','DD-Mon-YYYY'),'11B');
insert into bookings values ('907','AC1553','X',to_date('22-Jul-2015','DD-Mon-YYYY'),'13F');
insert into bookings values ('924','WJ1894','T',to_date('10-Sep-2015','DD-Mon-YYYY'),'15F');
insert into bookings values ('930','AC499','N',to_date('31-Jul-2015','DD-Mon-YYYY'),'11B');
insert into bookings values ('967','WJ759','T',to_date('02-Sep-2015','DD-Mon-YYYY'),'4C');
insert into bookings values ('971','AC1628','N',to_date('04-Sep-2015','DD-Mon-YYYY'),'20B');
insert into bookings values ('981','AC1001','X',to_date('05-Jun-2015','DD-Mon-YYYY'),'8A');
insert into bookings values ('1002','AC1553','C',to_date('22-Jul-2015','DD-Mon-YYYY'),'27D');
insert into bookings values ('1017','AC1933','N',to_date('22-Oct-2015','DD-Mon-YYYY'),'27D');
insert into bookings values ('1051','WJ1622','N',to_date('31-Jul-2015','DD-Mon-YYYY'),'11D');
insert into bookings values ('1068','WJ1559','C',to_date('23-Dec-2015','DD-Mon-YYYY'),'28B');
insert into bookings values ('1074','WJ336','X',to_date('20-Dec-2015','DD-Mon-YYYY'),'15D');
insert into bookings values ('1080','WJ518','N',to_date('26-Aug-2015','DD-Mon-YYYY'),'3C');
insert into bookings values ('1086','AC1950','X',to_date('09-Aug-2015','DD-Mon-YYYY'),'23D');
insert into bookings values ('1121','WJ742','X',to_date('23-Nov-2015','DD-Mon-YYYY'),'16A');
insert into bookings values ('1142','AC2286','B',to_date('30-Dec-2015','DD-Mon-YYYY'),'7E');
insert into bookings values ('1152','AC499','F',to_date('12-Jun-2015','DD-Mon-YYYY'),'30E');
insert into bookings values ('1241','AC1780','X',to_date('19-Dec-2015','DD-Mon-YYYY'),'27F');
insert into bookings values ('1292','AC1149','B',to_date('02-Jun-2015','DD-Mon-YYYY'),'8D');
insert into bookings values ('1315','WJ137','N',to_date('02-Oct-2015','DD-Mon-YYYY'),'16D');
insert into bookings values ('1374','WJ1309','B',to_date('23-Dec-2015','DD-Mon-YYYY'),'2E');
insert into bookings values ('1428','WJ606','F',to_date('15-Sep-2015','DD-Mon-YYYY'),'18F');
insert into bookings values ('1497','AC2123','N',to_date('16-Jun-2015','DD-Mon-YYYY'),'4C');
insert into bookings values ('1519','AC1756','B',to_date('06-Oct-2015','DD-Mon-YYYY'),'7C');
insert into bookings values ('1560','AC2286','B',to_date('17-Jul-2015','DD-Mon-YYYY'),'7B');
insert into bookings values ('1593','WJ1976','E',to_date('18-Jun-2015','DD-Mon-YYYY'),'25F');
insert into bookings values ('1602','WJ1894','C',to_date('20-Dec-2015','DD-Mon-YYYY'),'6D');
insert into bookings values ('1618','WJ336','X',to_date('02-Jun-2015','DD-Mon-YYYY'),'23C');
insert into bookings values ('1626','WJ1309','F',to_date('08-Aug-2015','DD-Mon-YYYY'),'18D');
insert into bookings values ('1634','AC1149','F',to_date('07-Dec-2015','DD-Mon-YYYY'),'30B');
insert into bookings values ('1654','WJ2467','T',to_date('15-Dec-2015','DD-Mon-YYYY'),'23E');
insert into bookings values ('1665','WJ708','C',to_date('05-Jun-2015','DD-Mon-YYYY'),'6D');
insert into bookings values ('1674','AC1668','T',to_date('18-Jul-2015','DD-Mon-YYYY'),'11A');
insert into bookings values ('1714','WJ277','F',to_date('20-Oct-2015','DD-Mon-YYYY'),'16F');
insert into bookings values ('1737','WJ2074','T',to_date('09-Jul-2015','DD-Mon-YYYY'),'29E');
insert into bookings values ('1747','WJ1274','X',to_date('23-Jul-2015','DD-Mon-YYYY'),'12C');
insert into bookings values ('1761','WJ871','C',to_date('22-Jun-2015','DD-Mon-YYYY'),'28A');
insert into bookings values ('1807','WJ2106','F',to_date('12-Jun-2015','DD-Mon-YYYY'),'19A');
insert into bookings values ('1812','AC1933','B',to_date('17-Oct-2015','DD-Mon-YYYY'),'12A');
insert into bookings values ('1818','WJ2368','C',to_date('08-Aug-2015','DD-Mon-YYYY'),'14A');
insert into bookings values ('1833','WJ858','F',to_date('04-Aug-2015','DD-Mon-YYYY'),'24F');
insert into bookings values ('1834','AC1760','E',to_date('04-Sep-2015','DD-Mon-YYYY'),'2A');
insert into bookings values ('1929','WJ708','C',to_date('05-Jun-2015','DD-Mon-YYYY'),'19D');
insert into bookings values ('2013','AC1207','F',to_date('19-Jul-2015','DD-Mon-YYYY'),'4C');
insert into bookings values ('2015','WJ708','E',to_date('30-Sep-2015','DD-Mon-YYYY'),'17F');
insert into bookings values ('2045','WJ759','T',to_date('19-Dec-2015','DD-Mon-YYYY'),'9C');
insert into bookings values ('2046','WJ1853','X',to_date('25-Sep-2015','DD-Mon-YYYY'),'17D');
insert into bookings values ('2050','AC1633','N',to_date('23-Jun-2015','DD-Mon-YYYY'),'29B');
insert into bookings values ('2076','WJ2074','X',to_date('17-Sep-2015','DD-Mon-YYYY'),'13F');
insert into bookings values ('2077','AC1633','N',to_date('07-Dec-2015','DD-Mon-YYYY'),'20A');
insert into bookings values ('2133','WJ320','F',to_date('09-Aug-2015','DD-Mon-YYYY'),'18C');
insert into bookings values ('2140','AC1149','B',to_date('02-Jun-2015','DD-Mon-YYYY'),'22C');
insert into bookings values ('2169','WJ518','N',to_date('01-Sep-2015','DD-Mon-YYYY'),'16F');
insert into bookings values ('2171','WJ477','E',to_date('18-Jul-2015','DD-Mon-YYYY'),'22C');
insert into bookings values ('2190','WJ1187','C',to_date('26-Oct-2015','DD-Mon-YYYY'),'28D');
insert into bookings values ('2208','WJ476','N',to_date('05-Aug-2015','DD-Mon-YYYY'),'29B');
insert into bookings values ('2215','AC2286','E',to_date('20-Nov-2015','DD-Mon-YYYY'),'6B');
insert into bookings values ('2233','WJ1945','F',to_date('27-Dec-2015','DD-Mon-YYYY'),'7B');
insert into bookings values ('2243','WJ1425','F',to_date('15-Jul-2015','DD-Mon-YYYY'),'16B');
insert into bookings values ('2244','WJ750','C',to_date('20-Nov-2015','DD-Mon-YYYY'),'14D');
insert into bookings values ('2275','AC2378','N',to_date('22-Sep-2015','DD-Mon-YYYY'),'13D');
insert into bookings values ('2279','WJ320','F',to_date('22-Jul-2015','DD-Mon-YYYY'),'8C');
insert into bookings values ('2325','WJ750','C',to_date('20-Nov-2015','DD-Mon-YYYY'),'11C');
insert into bookings values ('2350','WJ871','X',to_date('09-Dec-2015','DD-Mon-YYYY'),'2E');
insert into bookings values ('2401','AC2419','B',to_date('18-Jul-2015','DD-Mon-YYYY'),'1B');
insert into bookings values ('2420','WJ1622','T',to_date('31-Jul-2015','DD-Mon-YYYY'),'26B');
insert into bookings values ('2452','WJ858','F',to_date('04-Aug-2015','DD-Mon-YYYY'),'28F');
insert into bookings values ('2461','AC1794','N',to_date('15-Dec-2015','DD-Mon-YYYY'),'8E');
insert into bookings values ('2533','WJ2489','T',to_date('07-Dec-2015','DD-Mon-YYYY'),'17F');
insert into bookings values ('2538','WJ750','B',to_date('20-Nov-2015','DD-Mon-YYYY'),'15D');
insert into bookings values ('2547','WJ1934','N',to_date('14-Oct-2015','DD-Mon-YYYY'),'3D');
insert into bookings values ('2578','AC499','F',to_date('20-Nov-2015','DD-Mon-YYYY'),'14E');
insert into bookings values ('2586','WJ982','X',to_date('02-Nov-2015','DD-Mon-YYYY'),'13E');
insert into bookings values ('2607','WJ887','F',to_date('17-Dec-2015','DD-Mon-YYYY'),'12D');
insert into bookings values ('2611','WJ1968','X',to_date('07-Sep-2015','DD-Mon-YYYY'),'10E');
insert into bookings values ('2613','WJ2271','C',to_date('04-Dec-2015','DD-Mon-YYYY'),'21F');
insert into bookings values ('2621','WJ1894','C',to_date('05-Nov-2015','DD-Mon-YYYY'),'29D');
insert into bookings values ('2643','WJ1112','F',to_date('12-Sep-2015','DD-Mon-YYYY'),'28E');
insert into bookings values ('2726','AC2123','B',to_date('04-Jul-2015','DD-Mon-YYYY'),'20E');
insert into bookings values ('2738','WJ442','N',to_date('24-Sep-2015','DD-Mon-YYYY'),'8D');
insert into bookings values ('2752','AC2378','C',to_date('05-Oct-2015','DD-Mon-YYYY'),'6F');
insert into bookings values ('2754','WJ1079','N',to_date('27-Sep-2015','DD-Mon-YYYY'),'8F');
insert into bookings values ('2756','AC1207','F',to_date('19-Jul-2015','DD-Mon-YYYY'),'4F');
insert into bookings values ('2818','AC1149','X',to_date('25-Oct-2015','DD-Mon-YYYY'),'26D');
insert into bookings values ('2819','AC1756','T',to_date('21-Sep-2015','DD-Mon-YYYY'),'3A');
insert into bookings values ('2860','AC1794','N',to_date('27-Aug-2015','DD-Mon-YYYY'),'6B');
insert into bookings values ('2873','WJ1060','F',to_date('07-Dec-2015','DD-Mon-YYYY'),'5A');
insert into bookings values ('2907','WJ2489','E',to_date('07-Dec-2015','DD-Mon-YYYY'),'19C');
insert into bookings values ('2924','WJ1112','N',to_date('07-Aug-2015','DD-Mon-YYYY'),'13B');
insert into bookings values ('2959','AC1171','E',to_date('06-Aug-2015','DD-Mon-YYYY'),'2F');
insert into bookings values ('2973','WJ1079','F',to_date('29-Nov-2015','DD-Mon-YYYY'),'8C');
insert into bookings values ('2974','WJ1060','E',to_date('07-Dec-2015','DD-Mon-YYYY'),'12B');
insert into bookings values ('3018','AC1756','B',to_date('06-Oct-2015','DD-Mon-YYYY'),'14C');
insert into bookings values ('3099','WJ676','T',to_date('07-Oct-2015','DD-Mon-YYYY'),'22C');
insert into bookings values ('3102','AC1933','N',to_date('17-Oct-2015','DD-Mon-YYYY'),'18B');
insert into bookings values ('3106','WJ385','B',to_date('15-Aug-2015','DD-Mon-YYYY'),'15E');
insert into bookings values ('3109','WJ930','T',to_date('09-Oct-2015','DD-Mon-YYYY'),'30C');
insert into bookings values ('3133','WJ708','N',to_date('26-Aug-2015','DD-Mon-YYYY'),'29B');
insert into bookings values ('3147','WJ220','T',to_date('29-Dec-2015','DD-Mon-YYYY'),'24D');
insert into bookings values ('3168','WJ1968','E',to_date('10-Jun-2015','DD-Mon-YYYY'),'29D');
insert into bookings values ('3192','AC2123','B',to_date('02-Jun-2015','DD-Mon-YYYY'),'9F');
insert into bookings values ('3214','WJ650','B',to_date('12-Oct-2015','DD-Mon-YYYY'),'30C');
insert into bookings values ('3226','AC1760','E',to_date('20-Aug-2015','DD-Mon-YYYY'),'13F');
insert into bookings values ('3244','WJ1060','C',to_date('18-Oct-2015','DD-Mon-YYYY'),'30A');
insert into bookings values ('3303','WJ1559','E',to_date('18-Dec-2015','DD-Mon-YYYY'),'18E');
insert into bookings values ('3319','AC2007','F',to_date('12-Dec-2015','DD-Mon-YYYY'),'30F');
insert into bookings values ('3320','AC499','E',to_date('07-Aug-2015','DD-Mon-YYYY'),'27E');
insert into bookings values ('3332','AC2286','T',to_date('30-Nov-2015','DD-Mon-YYYY'),'30B');
insert into bookings values ('3408','AC1756','T',to_date('21-Sep-2015','DD-Mon-YYYY'),'23D');
insert into bookings values ('3438','WJ1309','B',to_date('31-Dec-2015','DD-Mon-YYYY'),'26B');
insert into bookings values ('3439','AC2177','C',to_date('03-Oct-2015','DD-Mon-YYYY'),'26B');
insert into bookings values ('3464','WJ1311','T',to_date('23-Dec-2015','DD-Mon-YYYY'),'17F');
insert into bookings values ('3475','WJ650','B',to_date('07-Aug-2015','DD-Mon-YYYY'),'21A');
insert into bookings values ('3479','AC1207','F',to_date('17-Oct-2015','DD-Mon-YYYY'),'27F');
insert into bookings values ('3536','WJ858','E',to_date('18-Jun-2015','DD-Mon-YYYY'),'9F');
insert into bookings values ('3569','AC1149','B',to_date('25-Oct-2015','DD-Mon-YYYY'),'17C');
insert into bookings values ('3582','AC1628','F',to_date('04-Sep-2015','DD-Mon-YYYY'),'15F');
insert into bookings values ('3587','WJ858','E',to_date('31-Jul-2015','DD-Mon-YYYY'),'30A');
insert into bookings values ('3677','WJ2074','E',to_date('24-Jun-2015','DD-Mon-YYYY'),'4E');
insert into bookings values ('3692','WJ676','X',to_date('05-Dec-2015','DD-Mon-YYYY'),'28D');
insert into bookings values ('3717','WJ2271','C',to_date('22-Jun-2015','DD-Mon-YYYY'),'16F');
insert into bookings values ('3731','AC2378','E',to_date('05-Oct-2015','DD-Mon-YYYY'),'30C');
insert into bookings values ('3755','AC2123','B',to_date('16-Jun-2015','DD-Mon-YYYY'),'27F');
insert into bookings values ('3806','WJ1559','X',to_date('07-Dec-2015','DD-Mon-YYYY'),'12E');
insert into bookings values ('3818','WJ2029','B',to_date('02-Aug-2015','DD-Mon-YYYY'),'22D');
insert into bookings values ('3933','AC282','X',to_date('14-Jul-2015','DD-Mon-YYYY'),'2E');
insert into bookings values ('3959','WJ1529','T',to_date('19-Oct-2015','DD-Mon-YYYY'),'25A');
insert into bookings values ('3972','AC1082','C',to_date('02-Jun-2015','DD-Mon-YYYY'),'11C');
insert into bookings values ('3981','WJ708','N',to_date('24-Nov-2015','DD-Mon-YYYY'),'14B');
insert into bookings values ('3989','WJ2467','B',to_date('15-Dec-2015','DD-Mon-YYYY'),'5C');
insert into bookings values ('4003','WJ608','N',to_date('11-Dec-2015','DD-Mon-YYYY'),'10E');
insert into bookings values ('4008','WJ2271','T',to_date('30-Dec-2015','DD-Mon-YYYY'),'19D');
insert into bookings values ('4074','WJ887','C',to_date('31-Aug-2015','DD-Mon-YYYY'),'1D');
insert into bookings values ('4076','WJ1622','B',to_date('03-Dec-2015','DD-Mon-YYYY'),'29B');
insert into bookings values ('4174','WJ2029','B',to_date('11-Oct-2015','DD-Mon-YYYY'),'18C');
insert into bookings values ('4184','WJ708','T',to_date('26-Aug-2015','DD-Mon-YYYY'),'16A');
insert into bookings values ('4219','AC173','X',to_date('29-Dec-2015','DD-Mon-YYYY'),'26C');
insert into bookings values ('4232','WJ1976','N',to_date('10-Jul-2015','DD-Mon-YYYY'),'1D');
insert into bookings values ('4242','WJ320','F',to_date('10-Aug-2015','DD-Mon-YYYY'),'30B');
insert into bookings values ('4297','AC1628','C',to_date('25-Jul-2015','DD-Mon-YYYY'),'6A');
insert into bookings values ('4310','WJ650','E',to_date('07-Aug-2015','DD-Mon-YYYY'),'24C');
insert into bookings values ('4319','AC1985','C',to_date('08-Jul-2015','DD-Mon-YYYY'),'7F');
insert into bookings values ('4362','WJ442','T',to_date('02-Aug-2015','DD-Mon-YYYY'),'15E');
insert into bookings values ('4370','AC1756','T',to_date('21-Sep-2015','DD-Mon-YYYY'),'14B');
insert into bookings values ('4430','WJ320','B',to_date('09-Aug-2015','DD-Mon-YYYY'),'10B');
insert into bookings values ('4446','WJ1311','E',to_date('11-Oct-2015','DD-Mon-YYYY'),'18E');
insert into bookings values ('4459','WJ1934','C',to_date('26-Jun-2015','DD-Mon-YYYY'),'21F');
insert into bookings values ('4465','AC1950','B',to_date('04-Jul-2015','DD-Mon-YYYY'),'17C');
insert into bookings values ('4486','WJ320','C',to_date('10-Aug-2015','DD-Mon-YYYY'),'8D');
insert into bookings values ('4499','WJ1968','X',to_date('17-Jun-2015','DD-Mon-YYYY'),'27A');
insert into bookings values ('4501','WJ313','X',to_date('19-Oct-2015','DD-Mon-YYYY'),'21F');
insert into bookings values ('4511','WJ750','B',to_date('18-Oct-2015','DD-Mon-YYYY'),'19D');
insert into bookings values ('4512','WJ1894','T',to_date('10-Sep-2015','DD-Mon-YYYY'),'5A');
insert into bookings values ('4546','WJ2438','N',to_date('26-Aug-2015','DD-Mon-YYYY'),'19E');
insert into bookings values ('4547','AC1674','B',to_date('18-Dec-2015','DD-Mon-YYYY'),'16D');
insert into bookings values ('4548','AC1149','F',to_date('02-Jun-2015','DD-Mon-YYYY'),'7F');
insert into bookings values ('4607','AC1950','X',to_date('17-Sep-2015','DD-Mon-YYYY'),'13E');
insert into bookings values ('4611','AC2419','B',to_date('27-Aug-2015','DD-Mon-YYYY'),'21D');
insert into bookings values ('4633','WJ759','E',to_date('07-Nov-2015','DD-Mon-YYYY'),'3C');
insert into bookings values ('4728','WJ650','E',to_date('26-Sep-2015','DD-Mon-YYYY'),'26E');
insert into bookings values ('4747','AC2007','F',to_date('15-Sep-2015','DD-Mon-YYYY'),'30C');
insert into bookings values ('4772','WJ887','F',to_date('27-Oct-2015','DD-Mon-YYYY'),'4B');
insert into bookings values ('4782','AC1082','C',to_date('14-Dec-2015','DD-Mon-YYYY'),'18E');
insert into bookings values ('4810','WJ1060','X',to_date('07-Dec-2015','DD-Mon-YYYY'),'28A');
insert into bookings values ('4852','AC1048','F',to_date('11-Jun-2015','DD-Mon-YYYY'),'25F');
insert into bookings values ('4918','WJ356','X',to_date('19-Oct-2015','DD-Mon-YYYY'),'3D');
insert into bookings values ('4923','AC1933','N',to_date('22-Oct-2015','DD-Mon-YYYY'),'16D');
insert into bookings values ('4927','WJ2106','T',to_date('18-Dec-2015','DD-Mon-YYYY'),'16C');
insert into bookings values ('4965','AC499','F',to_date('20-Nov-2015','DD-Mon-YYYY'),'12D');
insert into bookings values ('4997','AC2286','E',to_date('20-Nov-2015','DD-Mon-YYYY'),'13D');
insert into bookings values ('4999','WJ1060','F',to_date('16-Dec-2015','DD-Mon-YYYY'),'1B');
insert into bookings values ('5017','AC1628','C',to_date('16-Nov-2015','DD-Mon-YYYY'),'24E');
insert into bookings values ('5044','WJ606','F',to_date('15-Sep-2015','DD-Mon-YYYY'),'8B');
insert into bookings values ('5057','WJ2438','B',to_date('05-Sep-2015','DD-Mon-YYYY'),'17E');
insert into bookings values ('5062','WJ477','E',to_date('18-Jul-2015','DD-Mon-YYYY'),'12F');
insert into bookings values ('5072','WJ1274','B',to_date('23-Jul-2015','DD-Mon-YYYY'),'27B');
insert into bookings values ('5084','WJ2467','T',to_date('23-Oct-2015','DD-Mon-YYYY'),'8F');
insert into bookings values ('5127','WJ1309','E',to_date('31-Dec-2015','DD-Mon-YYYY'),'25E');
insert into bookings values ('5136','WJ2029','T',to_date('17-Dec-2015','DD-Mon-YYYY'),'15D');
insert into bookings values ('5231','WJ608','N',to_date('26-Dec-2015','DD-Mon-YYYY'),'25F');
insert into bookings values ('5265','WJ2271','C',to_date('30-Dec-2015','DD-Mon-YYYY'),'10F');
insert into bookings values ('5277','WJ1622','N',to_date('03-Oct-2015','DD-Mon-YYYY'),'29F');
insert into bookings values ('5284','AC499','E',to_date('31-Jul-2015','DD-Mon-YYYY'),'21B');
insert into bookings values ('5296','WJ1622','N',to_date('31-Jul-2015','DD-Mon-YYYY'),'12A');
insert into bookings values ('5384','WJ1079','N',to_date('29-Nov-2015','DD-Mon-YYYY'),'7F');
insert into bookings values ('5428','WJ1082','T',to_date('03-Nov-2015','DD-Mon-YYYY'),'7B');
insert into bookings values ('5461','WJ892','X',to_date('15-Sep-2015','DD-Mon-YYYY'),'22D');
insert into bookings values ('5477','AC1756','F',to_date('06-Oct-2015','DD-Mon-YYYY'),'6F');
insert into bookings values ('5480','WJ858','E',to_date('04-Aug-2015','DD-Mon-YYYY'),'3A');
insert into bookings values ('5598','WJ1187','F',to_date('28-Jul-2015','DD-Mon-YYYY'),'3C');
insert into bookings values ('5713','AC2419','B',to_date('06-Sep-2015','DD-Mon-YYYY'),'20C');
insert into bookings values ('5794','WJ1934','N',to_date('06-Jun-2015','DD-Mon-YYYY'),'13F');
insert into bookings values ('5803','AC2123','E',to_date('16-Jun-2015','DD-Mon-YYYY'),'11D');
insert into bookings values ('5816','AC1633','X',to_date('02-Nov-2015','DD-Mon-YYYY'),'25B');
insert into bookings values ('5869','WJ1082','F',to_date('03-Nov-2015','DD-Mon-YYYY'),'25E');
insert into bookings values ('5885','WJ1945','T',to_date('26-Aug-2015','DD-Mon-YYYY'),'9A');
insert into bookings values ('5892','WJ1309','B',to_date('23-Dec-2015','DD-Mon-YYYY'),'10C');
insert into bookings values ('5904','AC1628','F',to_date('30-Jun-2015','DD-Mon-YYYY'),'8A');
insert into bookings values ('5905','WJ356','X',to_date('02-Dec-2015','DD-Mon-YYYY'),'10D');
insert into bookings values ('5911','AC2286','C',to_date('30-Dec-2015','DD-Mon-YYYY'),'2F');
insert into bookings values ('5929','WJ759','T',to_date('31-Dec-2015','DD-Mon-YYYY'),'11B');
insert into bookings values ('5937','WJ2074','X',to_date('24-Jun-2015','DD-Mon-YYYY'),'11A');
insert into bookings values ('5982','WJ1274','X',to_date('11-Sep-2015','DD-Mon-YYYY'),'13B');
insert into bookings values ('6003','WJ477','X',to_date('18-Jul-2015','DD-Mon-YYYY'),'12C');
insert into bookings values ('6028','WJ1425','N',to_date('29-Jun-2015','DD-Mon-YYYY'),'28B');
insert into bookings values ('6033','AC1628','B',to_date('09-Aug-2015','DD-Mon-YYYY'),'17F');
insert into bookings values ('6080','WJ518','B',to_date('27-Oct-2015','DD-Mon-YYYY'),'24F');
insert into bookings values ('6086','WJ1311','X',to_date('16-Aug-2015','DD-Mon-YYYY'),'23F');
insert into bookings values ('6122','AC1082','C',to_date('26-Oct-2015','DD-Mon-YYYY'),'6C');
insert into bookings values ('6160','WJ650','B',to_date('26-Sep-2015','DD-Mon-YYYY'),'29E');
insert into bookings values ('6203','WJ1894','T',to_date('10-Sep-2015','DD-Mon-YYYY'),'3F');
insert into bookings values ('6229','WJ1079','N',to_date('27-Sep-2015','DD-Mon-YYYY'),'4F');
insert into bookings values ('6272','WJ336','X',to_date('26-Jul-2015','DD-Mon-YYYY'),'14D');
insert into bookings values ('6285','WJ1274','C',to_date('19-Oct-2015','DD-Mon-YYYY'),'6E');
insert into bookings values ('6310','WJ311','T',to_date('30-Dec-2015','DD-Mon-YYYY'),'18B');
insert into bookings values ('6316','WJ877','X',to_date('02-Sep-2015','DD-Mon-YYYY'),'4F');
insert into bookings values ('6330','WJ2106','F',to_date('07-Aug-2015','DD-Mon-YYYY'),'12A');
insert into bookings values ('6332','WJ166','E',to_date('24-Sep-2015','DD-Mon-YYYY'),'24D');
insert into bookings values ('6350','WJ518','T',to_date('26-Aug-2015','DD-Mon-YYYY'),'9A');
insert into bookings values ('6366','WJ476','X',to_date('11-Jul-2015','DD-Mon-YYYY'),'8E');
insert into bookings values ('6386','WJ887','C',to_date('31-Aug-2015','DD-Mon-YYYY'),'1E');
insert into bookings values ('6391','WJ1622','X',to_date('21-Nov-2015','DD-Mon-YYYY'),'19D');
insert into bookings values ('6435','WJ650','X',to_date('11-Aug-2015','DD-Mon-YYYY'),'8B');
insert into bookings values ('6510','WJ650','X',to_date('11-Aug-2015','DD-Mon-YYYY'),'30C');
insert into bookings values ('6580','AC685','X',to_date('30-Nov-2015','DD-Mon-YYYY'),'19B');
insert into bookings values ('6584','WJ518','T',to_date('27-Oct-2015','DD-Mon-YYYY'),'20A');
insert into bookings values ('6711','WJ858','E',to_date('30-Nov-2015','DD-Mon-YYYY'),'10D');
insert into bookings values ('6712','AC1628','F',to_date('16-Nov-2015','DD-Mon-YYYY'),'15C');
insert into bookings values ('6719','WJ137','T',to_date('16-Sep-2015','DD-Mon-YYYY'),'28F');
insert into bookings values ('6778','WJ1622','E',to_date('31-Jul-2015','DD-Mon-YYYY'),'13B');
insert into bookings values ('6787','WJ1524','F',to_date('20-Jun-2015','DD-Mon-YYYY'),'25A');
insert into bookings values ('6791','WJ2054','N',to_date('06-Sep-2015','DD-Mon-YYYY'),'14E');
insert into bookings values ('6873','WJ1425','E',to_date('09-Aug-2015','DD-Mon-YYYY'),'28F');
insert into bookings values ('6922','WJ1187','X',to_date('26-Jul-2015','DD-Mon-YYYY'),'7C');
insert into bookings values ('6939','WJ606','F',to_date('07-Dec-2015','DD-Mon-YYYY'),'11E');
insert into bookings values ('6959','WJ442','T',to_date('02-Aug-2015','DD-Mon-YYYY'),'25F');
insert into bookings values ('6961','WJ2074','F',to_date('04-Nov-2015','DD-Mon-YYYY'),'11C');
insert into bookings values ('6972','WJ320','N',to_date('09-Aug-2015','DD-Mon-YYYY'),'14A');
insert into bookings values ('6974','WJ1274','C',to_date('23-Jul-2015','DD-Mon-YYYY'),'5A');
insert into bookings values ('7012','AC2378','N',to_date('10-Aug-2015','DD-Mon-YYYY'),'28D');
insert into bookings values ('7022','WJ1311','E',to_date('11-Oct-2015','DD-Mon-YYYY'),'10A');
insert into bookings values ('7037','AC1985','C',to_date('05-Sep-2015','DD-Mon-YYYY'),'3B');
insert into bookings values ('7074','AC2419','X',to_date('01-Jun-2015','DD-Mon-YYYY'),'12C');
insert into bookings values ('7101','AC2177','C',to_date('22-Jul-2015','DD-Mon-YYYY'),'21C');
insert into bookings values ('7122','AC1674','X',to_date('18-Dec-2015','DD-Mon-YYYY'),'22E');
insert into bookings values ('7125','WJ930','E',to_date('19-Nov-2015','DD-Mon-YYYY'),'23D');
insert into bookings values ('7155','AC2378','F',to_date('27-Jun-2015','DD-Mon-YYYY'),'25F');
insert into bookings values ('7160','WJ2438','T',to_date('22-Jul-2015','DD-Mon-YYYY'),'5A');
insert into bookings values ('7177','WJ1466','T',to_date('12-Dec-2015','DD-Mon-YYYY'),'5C');
insert into bookings values ('7235','WJ676','T',to_date('05-Dec-2015','DD-Mon-YYYY'),'20C');
insert into bookings values ('7263','WJ1976','F',to_date('10-Jul-2015','DD-Mon-YYYY'),'29E');
insert into bookings values ('7285','AC1207','F',to_date('23-Jun-2015','DD-Mon-YYYY'),'19A');
insert into bookings values ('7317','AC499','N',to_date('12-Jun-2015','DD-Mon-YYYY'),'19C');
insert into bookings values ('7332','WJ336','E',to_date('26-Oct-2015','DD-Mon-YYYY'),'13D');
insert into bookings values ('7374','WJ1311','T',to_date('11-Oct-2015','DD-Mon-YYYY'),'27B');
insert into bookings values ('7402','WJ1060','T',to_date('30-Aug-2015','DD-Mon-YYYY'),'5F');
insert into bookings values ('7416','AC499','E',to_date('12-Jun-2015','DD-Mon-YYYY'),'23E');
insert into bookings values ('7429','WJ608','F',to_date('21-Aug-2015','DD-Mon-YYYY'),'24A');
insert into bookings values ('7439','WJ1274','B',to_date('23-Jul-2015','DD-Mon-YYYY'),'22C');
insert into bookings values ('7475','AC1756','B',to_date('21-Sep-2015','DD-Mon-YYYY'),'17C');
insert into bookings values ('7479','WJ1425','N',to_date('09-Aug-2015','DD-Mon-YYYY'),'8D');
insert into bookings values ('7560','AC499','E',to_date('22-Sep-2015','DD-Mon-YYYY'),'15B');
insert into bookings values ('7566','WJ2438','N',to_date('05-Sep-2015','DD-Mon-YYYY'),'16A');
insert into bookings values ('7689','WJ877','T',to_date('31-Jul-2015','DD-Mon-YYYY'),'19F');
insert into bookings values ('7733','WJ1524','N',to_date('20-Jun-2015','DD-Mon-YYYY'),'25C');
insert into bookings values ('7785','WJ1311','X',to_date('16-Aug-2015','DD-Mon-YYYY'),'21F');
insert into bookings values ('7793','WJ518','N',to_date('27-Oct-2015','DD-Mon-YYYY'),'29D');
insert into bookings values ('7809','WJ1894','C',to_date('20-Dec-2015','DD-Mon-YYYY'),'1D');
insert into bookings values ('7822','WJ2054','T',to_date('22-Jul-2015','DD-Mon-YYYY'),'17A');
insert into bookings values ('7847','AC499','E',to_date('31-Jul-2015','DD-Mon-YYYY'),'6C');
insert into bookings values ('7860','WJ650','B',to_date('26-Sep-2015','DD-Mon-YYYY'),'17F');
insert into bookings values ('7888','WJ1825','X',to_date('11-Aug-2015','DD-Mon-YYYY'),'11E');
insert into bookings values ('7910','WJ608','E',to_date('14-Jul-2015','DD-Mon-YYYY'),'8B');
insert into bookings values ('7945','AC2231','C',to_date('13-Aug-2015','DD-Mon-YYYY'),'18E');
insert into bookings values ('7966','AC1674','B',to_date('13-Aug-2015','DD-Mon-YYYY'),'19B');
insert into bookings values ('7975','WJ1319','F',to_date('15-Dec-2015','DD-Mon-YYYY'),'15F');
insert into bookings values ('7995','AC1171','E',to_date('06-Aug-2015','DD-Mon-YYYY'),'7F');
insert into bookings values ('8008','AC1674','E',to_date('11-Jul-2015','DD-Mon-YYYY'),'27A');
insert into bookings values ('8020','AC1674','X',to_date('13-Aug-2015','DD-Mon-YYYY'),'20C');
insert into bookings values ('8026','AC2007','B',to_date('22-Jun-2015','DD-Mon-YYYY'),'30A');
insert into bookings values ('8075','AC1553','X',to_date('04-Jul-2015','DD-Mon-YYYY'),'5A');
insert into bookings values ('8091','WJ2074','E',to_date('19-Dec-2015','DD-Mon-YYYY'),'14D');
insert into bookings values ('8113','AC173','N',to_date('23-Jul-2015','DD-Mon-YYYY'),'25A');
insert into bookings values ('8138','AC499','B',to_date('12-Jun-2015','DD-Mon-YYYY'),'8E');
insert into bookings values ('8143','WJ356','X',to_date('19-Oct-2015','DD-Mon-YYYY'),'15E');
insert into bookings values ('8171','WJ1559','F',to_date('23-Dec-2015','DD-Mon-YYYY'),'23B');
insert into bookings values ('8182','AC1628','F',to_date('16-Nov-2015','DD-Mon-YYYY'),'9E');
insert into bookings values ('8188','WJ1853','N',to_date('16-Jul-2015','DD-Mon-YYYY'),'19F');
insert into bookings values ('8192','WJ676','X',to_date('02-Jul-2015','DD-Mon-YYYY'),'17B');
insert into bookings values ('8260','AC2123','F',to_date('04-Jul-2015','DD-Mon-YYYY'),'18B');
insert into bookings values ('8280','WJ442','C',to_date('10-Aug-2015','DD-Mon-YYYY'),'20B');
insert into bookings values ('8336','WJ214','T',to_date('14-Jul-2015','DD-Mon-YYYY'),'13C');
insert into bookings values ('8425','AC1950','B',to_date('17-Sep-2015','DD-Mon-YYYY'),'7C');
insert into bookings values ('8438','WJ311','C',to_date('12-Aug-2015','DD-Mon-YYYY'),'17B');
insert into bookings values ('8439','WJ518','T',to_date('27-Oct-2015','DD-Mon-YYYY'),'12A');
insert into bookings values ('8454','AC1207','X',to_date('31-Aug-2015','DD-Mon-YYYY'),'9F');
insert into bookings values ('8463','WJ1112','E',to_date('12-Sep-2015','DD-Mon-YYYY'),'18E');
insert into bookings values ('8474','AC1628','B',to_date('16-Nov-2015','DD-Mon-YYYY'),'1F');
insert into bookings values ('8516','WJ1274','B',to_date('29-Jun-2015','DD-Mon-YYYY'),'9F');
insert into bookings values ('8517','WJ1559','X',to_date('11-Aug-2015','DD-Mon-YYYY'),'18B');
insert into bookings values ('8560','WJ2271','T',to_date('30-Dec-2015','DD-Mon-YYYY'),'24B');
insert into bookings values ('8572','AC1149','B',to_date('10-Sep-2015','DD-Mon-YYYY'),'10C');
insert into bookings values ('8628','WJ1319','X',to_date('03-Sep-2015','DD-Mon-YYYY'),'24C');
insert into bookings values ('8635','WJ1309','T',to_date('23-Dec-2015','DD-Mon-YYYY'),'19E');
insert into bookings values ('8654','WJ1976','B',to_date('10-Jul-2015','DD-Mon-YYYY'),'17A');
insert into bookings values ('8657','WJ887','X',to_date('22-Oct-2015','DD-Mon-YYYY'),'30B');
insert into bookings values ('8670','WJ1976','N',to_date('23-Nov-2015','DD-Mon-YYYY'),'28B');
insert into bookings values ('8727','AC2378','T',to_date('22-Dec-2015','DD-Mon-YYYY'),'12A');
insert into bookings values ('8784','WJ277','T',to_date('18-Jun-2015','DD-Mon-YYYY'),'16A');
insert into bookings values ('8791','WJ356','X',to_date('19-Oct-2015','DD-Mon-YYYY'),'16B');
insert into bookings values ('8878','WJ1559','F',to_date('11-Aug-2015','DD-Mon-YYYY'),'4D');
insert into bookings values ('8955','WJ2029','B',to_date('17-Dec-2015','DD-Mon-YYYY'),'25E');
insert into bookings values ('8957','WJ313','B',to_date('19-Oct-2015','DD-Mon-YYYY'),'22C');
insert into bookings values ('8993','WJ1311','E',to_date('16-Aug-2015','DD-Mon-YYYY'),'25F');
insert into bookings values ('9001','WJ336','E',to_date('26-Jul-2015','DD-Mon-YYYY'),'10E');
insert into bookings values ('9040','WJ1968','T',to_date('30-Nov-2015','DD-Mon-YYYY'),'19E');
insert into bookings values ('9076','WJ742','X',to_date('23-Nov-2015','DD-Mon-YYYY'),'29E');
insert into bookings values ('9077','WJ1079','F',to_date('27-Sep-2015','DD-Mon-YYYY'),'15A');
insert into bookings values ('9079','WJ742','X',to_date('26-Jul-2015','DD-Mon-YYYY'),'23F');
insert into bookings values ('9164','AC499','X',to_date('22-Sep-2015','DD-Mon-YYYY'),'15D');
insert into bookings values ('9173','WJ220','T',to_date('16-Aug-2015','DD-Mon-YYYY'),'14D');
insert into bookings values ('9204','AC2177','T',to_date('22-Jul-2015','DD-Mon-YYYY'),'26E');
insert into bookings values ('9276','AC499','X',to_date('12-Jun-2015','DD-Mon-YYYY'),'6F');
insert into bookings values ('9285','WJ676','E',to_date('05-Dec-2015','DD-Mon-YYYY'),'7D');
insert into bookings values ('9312','AC1756','B',to_date('06-Oct-2015','DD-Mon-YYYY'),'19A');
insert into bookings values ('9313','WJ877','E',to_date('02-Sep-2015','DD-Mon-YYYY'),'16C');
insert into bookings values ('9326','AC2419','X',to_date('27-Aug-2015','DD-Mon-YYYY'),'13D');
insert into bookings values ('9334','WJ650','B',to_date('26-Sep-2015','DD-Mon-YYYY'),'5D');
insert into bookings values ('9344','WJ1311','T',to_date('16-Aug-2015','DD-Mon-YYYY'),'16A');
insert into bookings values ('9351','WJ476','E',to_date('22-Sep-2015','DD-Mon-YYYY'),'10D');
insert into bookings values ('9405','WJ2368','N',to_date('24-Jul-2015','DD-Mon-YYYY'),'24C');
insert into bookings values ('9417','WJ759','T',to_date('02-Sep-2015','DD-Mon-YYYY'),'30D');
insert into bookings values ('9462','WJ518','T',to_date('27-Oct-2015','DD-Mon-YYYY'),'24D');
insert into bookings values ('9567','WJ1976','B',to_date('10-Aug-2015','DD-Mon-YYYY'),'6C');
insert into bookings values ('9584','WJ1622','X',to_date('03-Dec-2015','DD-Mon-YYYY'),'27E');
insert into bookings values ('9587','AC2378','N',to_date('22-Sep-2015','DD-Mon-YYYY'),'23D');
insert into bookings values ('9625','AC1001','F',to_date('05-Jun-2015','DD-Mon-YYYY'),'13E');
insert into bookings values ('9647','WJ477','E',to_date('18-Jul-2015','DD-Mon-YYYY'),'11F');
insert into bookings values ('9673','AC2007','C',to_date('09-Aug-2015','DD-Mon-YYYY'),'23E');
insert into bookings values ('9768','WJ650','X',to_date('26-Sep-2015','DD-Mon-YYYY'),'30A');
insert into bookings values ('9781','WJ2271','C',to_date('08-Oct-2015','DD-Mon-YYYY'),'11E');
insert into bookings values ('9789','WJ385','F',to_date('12-Jul-2015','DD-Mon-YYYY'),'1F');
insert into bookings values ('9897','AC2378','C',to_date('22-Sep-2015','DD-Mon-YYYY'),'26A');
insert into bookings values ('9913','WJ442','E',to_date('11-Oct-2015','DD-Mon-YYYY'),'17D');
insert into bookings values ('9927','WJ1853','X',to_date('13-Aug-2015','DD-Mon-YYYY'),'24D');
insert into bookings values ('10001','WJ1559','E',to_date('23-Dec-2015','DD-Mon-YYYY'),'24B');
insert into bookings values ('10020','WJ1559','X',to_date('18-Dec-2015','DD-Mon-YYYY'),'16B');
insert into bookings values ('10071','WJ2054','T',to_date('22-Jul-2015','DD-Mon-YYYY'),'8E');
insert into bookings values ('10110','WJ1187','C',to_date('28-Jul-2015','DD-Mon-YYYY'),'7E');
insert into bookings values ('10170','AC1760','T',to_date('23-Jun-2015','DD-Mon-YYYY'),'29E');
insert into bookings values ('10180','WJ2489','E',to_date('13-Dec-2015','DD-Mon-YYYY'),'22E');
insert into bookings values ('10182','WJ1916','X',to_date('22-Aug-2015','DD-Mon-YYYY'),'8D');
insert into bookings values ('10193','WJ708','C',to_date('15-Nov-2015','DD-Mon-YYYY'),'7F');
insert into bookings values ('10196','AC1207','T',to_date('31-Aug-2015','DD-Mon-YYYY'),'15C');
insert into bookings values ('10233','WJ1274','C',to_date('11-Sep-2015','DD-Mon-YYYY'),'11A');
insert into bookings values ('10235','AC1628','B',to_date('25-Jul-2015','DD-Mon-YYYY'),'27B');
insert into bookings values ('10249','WJ2271','B',to_date('04-Dec-2015','DD-Mon-YYYY'),'9D');
insert into bookings values ('10258','WJ1112','N',to_date('05-Nov-2015','DD-Mon-YYYY'),'30F');
insert into bookings values ('10286','AC499','C',to_date('12-Jun-2015','DD-Mon-YYYY'),'27E');
insert into bookings values ('10298','WJ1311','X',to_date('23-Dec-2015','DD-Mon-YYYY'),'9A');
insert into bookings values ('10329','AC1048','X',to_date('11-Jun-2015','DD-Mon-YYYY'),'13D');
insert into bookings values ('10355','WJ166','B',to_date('16-Oct-2015','DD-Mon-YYYY'),'17B');
insert into bookings values ('10377','WJ1934','B',to_date('14-Oct-2015','DD-Mon-YYYY'),'12A');
insert into bookings values ('10433','AC343','F',to_date('14-Jul-2015','DD-Mon-YYYY'),'29E');
insert into bookings values ('10452','WJ2054','N',to_date('04-Aug-2015','DD-Mon-YYYY'),'23C');
insert into bookings values ('10453','WJ1079','F',to_date('27-Sep-2015','DD-Mon-YYYY'),'11D');
insert into bookings values ('10468','WJ476','N',to_date('03-Aug-2015','DD-Mon-YYYY'),'19C');
insert into bookings values ('10478','AC2286','T',to_date('20-Nov-2015','DD-Mon-YYYY'),'16A');
insert into bookings values ('10498','AC499','B',to_date('22-Sep-2015','DD-Mon-YYYY'),'10F');
insert into bookings values ('10550','WJ442','B',to_date('24-Sep-2015','DD-Mon-YYYY'),'26B');
insert into bookings values ('10561','AC1909','F',to_date('05-Sep-2015','DD-Mon-YYYY'),'16C');
insert into bookings values ('10567','WJ311','X',to_date('14-Jul-2015','DD-Mon-YYYY'),'23D');
insert into bookings values ('10570','AC1001','F',to_date('07-Jul-2015','DD-Mon-YYYY'),'14E');
insert into bookings values ('10577','WJ1060','C',to_date('18-Oct-2015','DD-Mon-YYYY'),'10B');
insert into bookings values ('10615','WJ356','X',to_date('03-Aug-2015','DD-Mon-YYYY'),'30B');
insert into bookings values ('10622','AC1668','T',to_date('28-Sep-2015','DD-Mon-YYYY'),'11C');
insert into bookings values ('10697','WJ1559','X',to_date('23-Dec-2015','DD-Mon-YYYY'),'16F');
insert into bookings values ('10698','WJ2271','B',to_date('22-Jun-2015','DD-Mon-YYYY'),'17A');
insert into bookings values ('10769','WJ356','X',to_date('19-Oct-2015','DD-Mon-YYYY'),'5D');
insert into bookings values ('10787','WJ1916','X',to_date('12-Nov-2015','DD-Mon-YYYY'),'25D');
insert into bookings values ('10817','AC2123','N',to_date('08-Jul-2015','DD-Mon-YYYY'),'14D');
insert into bookings values ('10819','AC282','X',to_date('16-Aug-2015','DD-Mon-YYYY'),'24F');
insert into bookings values ('10836','AC685','X',to_date('28-Jul-2015','DD-Mon-YYYY'),'11D');
insert into bookings values ('10842','WJ2074','E',to_date('04-Nov-2015','DD-Mon-YYYY'),'23D');
insert into bookings values ('10898','AC1756','N',to_date('14-Jun-2015','DD-Mon-YYYY'),'2E');
insert into bookings values ('10954','WJ650','T',to_date('26-Sep-2015','DD-Mon-YYYY'),'30A');
insert into bookings values ('10971','AC1668','B',to_date('28-Sep-2015','DD-Mon-YYYY'),'11D');
insert into bookings values ('10977','WJ1853','F',to_date('16-Jul-2015','DD-Mon-YYYY'),'27A');
insert into bookings values ('11010','WJ477','X',to_date('18-Jul-2015','DD-Mon-YYYY'),'17B');
insert into bookings values ('11024','AC1985','X',to_date('08-Jul-2015','DD-Mon-YYYY'),'10E');
insert into bookings values ('11089','WJ2467','X',to_date('15-Dec-2015','DD-Mon-YYYY'),'19C');
insert into bookings values ('11183','AC1985','C',to_date('18-Oct-2015','DD-Mon-YYYY'),'30D');
insert into bookings values ('11299','AC1553','T',to_date('23-Oct-2015','DD-Mon-YYYY'),'18B');
insert into bookings values ('11305','AC1909','N',to_date('05-Sep-2015','DD-Mon-YYYY'),'29F');
insert into bookings values ('11307','AC282','X',to_date('14-Jul-2015','DD-Mon-YYYY'),'13D');
insert into bookings values ('11337','AC685','T',to_date('28-Jul-2015','DD-Mon-YYYY'),'24F');
insert into bookings values ('11355','AC1933','F',to_date('04-Jun-2015','DD-Mon-YYYY'),'24D');
insert into bookings values ('11368','WJ166','T',to_date('16-Oct-2015','DD-Mon-YYYY'),'23E');
insert into bookings values ('11420','WJ1853','N',to_date('17-Oct-2015','DD-Mon-YYYY'),'8E');
insert into bookings values ('11425','AC2007','B',to_date('12-Dec-2015','DD-Mon-YYYY'),'24D');
insert into bookings values ('11468','WJ1187','C',to_date('26-Oct-2015','DD-Mon-YYYY'),'3C');
insert into bookings values ('11481','WJ1319','C',to_date('02-Jul-2015','DD-Mon-YYYY'),'2A');
insert into bookings values ('11551','AC499','N',to_date('20-Nov-2015','DD-Mon-YYYY'),'16F');
insert into bookings values ('11605','AC499','N',to_date('12-Jun-2015','DD-Mon-YYYY'),'15C');
insert into bookings values ('11659','WJ1082','T',to_date('14-Dec-2015','DD-Mon-YYYY'),'28C');
insert into bookings values ('11679','AC2007','F',to_date('09-Aug-2015','DD-Mon-YYYY'),'18F');
insert into bookings values ('11713','AC1985','X',to_date('18-Oct-2015','DD-Mon-YYYY'),'11B');
insert into bookings values ('11733','WJ1082','B',to_date('19-Nov-2015','DD-Mon-YYYY'),'6E');
insert into bookings values ('11746','WJ1853','N',to_date('16-Jul-2015','DD-Mon-YYYY'),'4F');
insert into bookings values ('11775','AC1082','C',to_date('05-Sep-2015','DD-Mon-YYYY'),'13B');
insert into bookings values ('11797','WJ1082','B',to_date('02-Oct-2015','DD-Mon-YYYY'),'30D');
insert into bookings values ('11809','AC1146','C',to_date('26-Oct-2015','DD-Mon-YYYY'),'29C');
insert into bookings values ('11858','WJ1622','X',to_date('21-Nov-2015','DD-Mon-YYYY'),'5A');
insert into bookings values ('11908','WJ877','E',to_date('20-Jun-2015','DD-Mon-YYYY'),'1D');
insert into bookings values ('11979','AC499','B',to_date('12-Jun-2015','DD-Mon-YYYY'),'11C');
insert into bookings values ('11990','AC1628','B',to_date('16-Nov-2015','DD-Mon-YYYY'),'16C');
insert into bookings values ('12022','WJ1976','B',to_date('18-Jun-2015','DD-Mon-YYYY'),'12A');
insert into bookings values ('12026','AC2177','F',to_date('08-Oct-2015','DD-Mon-YYYY'),'23A');
insert into bookings values ('12070','WJ1309','F',to_date('23-Dec-2015','DD-Mon-YYYY'),'6E');
insert into bookings values ('12104','AC2286','E',to_date('17-Jul-2015','DD-Mon-YYYY'),'12E');
insert into bookings values ('12107','WJ1968','E',to_date('08-Jul-2015','DD-Mon-YYYY'),'9D');
insert into bookings values ('12142','AC1633','N',to_date('23-Jun-2015','DD-Mon-YYYY'),'11D');
insert into bookings values ('12150','AC1780','F',to_date('14-Oct-2015','DD-Mon-YYYY'),'17F');
insert into bookings values ('12163','WJ1158','X',to_date('03-Sep-2015','DD-Mon-YYYY'),'10B');
insert into bookings values ('12176','WJ708','C',to_date('26-Aug-2015','DD-Mon-YYYY'),'13C');
insert into bookings values ('12224','WJ606','T',to_date('15-Sep-2015','DD-Mon-YYYY'),'29F');
insert into bookings values ('12251','WJ759','T',to_date('22-Jun-2015','DD-Mon-YYYY'),'4B');
insert into bookings values ('12258','WJ1894','C',to_date('10-Sep-2015','DD-Mon-YYYY'),'12A');
insert into bookings values ('12299','AC2419','N',to_date('27-Aug-2015','DD-Mon-YYYY'),'27B');
insert into bookings values ('12321','AC685','X',to_date('30-Nov-2015','DD-Mon-YYYY'),'22F');
insert into bookings values ('12334','WJ476','N',to_date('03-Aug-2015','DD-Mon-YYYY'),'12A');
insert into bookings values ('12336','WJ2489','C',to_date('13-Dec-2015','DD-Mon-YYYY'),'19F');
insert into bookings values ('12339','AC1082','T',to_date('26-Oct-2015','DD-Mon-YYYY'),'3C');
insert into bookings values ('12351','WJ477','N',to_date('24-Jun-2015','DD-Mon-YYYY'),'1B');
insert into bookings values ('12381','AC1633','F',to_date('02-Nov-2015','DD-Mon-YYYY'),'9D');
insert into bookings values ('12393','WJ214','X',to_date('10-Sep-2015','DD-Mon-YYYY'),'11D');
insert into bookings values ('12409','WJ1968','C',to_date('07-Sep-2015','DD-Mon-YYYY'),'11C');
insert into bookings values ('12424','AC1780','F',to_date('14-Oct-2015','DD-Mon-YYYY'),'22C');
insert into bookings values ('12452','AC1149','F',to_date('29-Jun-2015','DD-Mon-YYYY'),'4A');
insert into bookings values ('12453','WJ1894','T',to_date('27-Aug-2015','DD-Mon-YYYY'),'13A');
insert into bookings values ('12493','WJ1559','X',to_date('07-Dec-2015','DD-Mon-YYYY'),'10E');
insert into bookings values ('12496','AC1756','B',to_date('14-Jun-2015','DD-Mon-YYYY'),'25E');
insert into bookings values ('12516','WJ608','N',to_date('26-Dec-2015','DD-Mon-YYYY'),'6F');
insert into bookings values ('12521','AC1628','F',to_date('04-Sep-2015','DD-Mon-YYYY'),'24B');
insert into bookings values ('12593','WJ1274','N',to_date('29-Jun-2015','DD-Mon-YYYY'),'11C');
insert into bookings values ('12595','AC1909','F',to_date('10-Nov-2015','DD-Mon-YYYY'),'15E');
insert into bookings values ('12634','WJ336','N',to_date('20-Dec-2015','DD-Mon-YYYY'),'16C');
insert into bookings values ('12641','WJ858','E',to_date('04-Aug-2015','DD-Mon-YYYY'),'26E');
insert into bookings values ('12644','WJ1274','X',to_date('27-Aug-2015','DD-Mon-YYYY'),'2B');
insert into bookings values ('12645','WJ1968','X',to_date('17-Jun-2015','DD-Mon-YYYY'),'18D');
insert into bookings values ('12659','AC1985','X',to_date('14-Jun-2015','DD-Mon-YYYY'),'11C');
insert into bookings values ('12692','WJ1079','N',to_date('29-Nov-2015','DD-Mon-YYYY'),'11C');
insert into bookings values ('12695','WJ442','C',to_date('11-Oct-2015','DD-Mon-YYYY'),'13F');
insert into bookings values ('12730','WJ1466','C',to_date('15-Sep-2015','DD-Mon-YYYY'),'17E');
insert into bookings values ('12741','AC1794','T',to_date('02-Jun-2015','DD-Mon-YYYY'),'1C');
insert into bookings values ('12756','WJ1425','E',to_date('29-Jun-2015','DD-Mon-YYYY'),'27F');
insert into bookings values ('12773','WJ336','X',to_date('26-Jul-2015','DD-Mon-YYYY'),'11F');
insert into bookings values ('12812','WJ759','E',to_date('19-Dec-2015','DD-Mon-YYYY'),'2B');
insert into bookings values ('12813','WJ1187','C',to_date('20-Oct-2015','DD-Mon-YYYY'),'18F');
insert into bookings values ('12821','AC1146','N',to_date('20-Sep-2015','DD-Mon-YYYY'),'15C');
insert into bookings values ('12897','AC685','T',to_date('28-Jul-2015','DD-Mon-YYYY'),'6E');
insert into bookings values ('12898','WJ2106','F',to_date('12-Jun-2015','DD-Mon-YYYY'),'18C');
insert into bookings values ('12923','WJ2074','T',to_date('19-Dec-2015','DD-Mon-YYYY'),'17D');
insert into bookings values ('12959','AC2231','C',to_date('13-Aug-2015','DD-Mon-YYYY'),'2B');
insert into bookings values ('12961','AC1756','F',to_date('06-Oct-2015','DD-Mon-YYYY'),'10E');
insert into bookings values ('12996','WJ1112','F',to_date('05-Nov-2015','DD-Mon-YYYY'),'3C');
insert into bookings values ('13025','WJ1079','N',to_date('29-Nov-2015','DD-Mon-YYYY'),'27F');
insert into bookings values ('13047','AC1658','N',to_date('21-Aug-2015','DD-Mon-YYYY'),'14A');
insert into bookings values ('13074','WJ1082','F',to_date('12-Jun-2015','DD-Mon-YYYY'),'21B');
insert into bookings values ('13089','WJ1559','T',to_date('11-Aug-2015','DD-Mon-YYYY'),'4A');
insert into bookings values ('13091','WJ2368','B',to_date('26-Aug-2015','DD-Mon-YYYY'),'4C');
insert into bookings values ('13144','WJ476','N',to_date('22-Sep-2015','DD-Mon-YYYY'),'5E');
insert into bookings values ('13175','WJ1082','T',to_date('19-Nov-2015','DD-Mon-YYYY'),'22A');
insert into bookings values ('13229','AC173','B',to_date('29-Dec-2015','DD-Mon-YYYY'),'3D');
insert into bookings values ('13257','AC1658','C',to_date('11-Jun-2015','DD-Mon-YYYY'),'9D');
insert into bookings values ('13299','AC1082','E',to_date('05-Sep-2015','DD-Mon-YYYY'),'6C');
insert into bookings values ('13336','AC173','N',to_date('10-Jun-2015','DD-Mon-YYYY'),'3A');
insert into bookings values ('13363','WJ1112','N',to_date('12-Sep-2015','DD-Mon-YYYY'),'21F');
insert into bookings values ('13382','WJ313','B',to_date('24-Aug-2015','DD-Mon-YYYY'),'12C');
insert into bookings values ('13386','AC2231','T',to_date('11-Oct-2015','DD-Mon-YYYY'),'6F');
insert into bookings values ('13429','WJ1466','C',to_date('12-Dec-2015','DD-Mon-YYYY'),'8E');
insert into bookings values ('13463','AC2419','N',to_date('06-Sep-2015','DD-Mon-YYYY'),'28E');
insert into bookings values ('13541','WJ676','E',to_date('06-Aug-2015','DD-Mon-YYYY'),'24D');
insert into bookings values ('13560','WJ2489','E',to_date('23-Dec-2015','DD-Mon-YYYY'),'15A');
insert into bookings values ('13610','WJ1622','E',to_date('31-Jul-2015','DD-Mon-YYYY'),'20E');
insert into bookings values ('13624','WJ313','B',to_date('25-Oct-2015','DD-Mon-YYYY'),'6C');
insert into bookings values ('13646','AC2378','F',to_date('10-Aug-2015','DD-Mon-YYYY'),'26A');
insert into bookings values ('13660','WJ2438','T',to_date('03-Jun-2015','DD-Mon-YYYY'),'12E');
insert into bookings values ('13684','WJ1274','X',to_date('29-Jun-2015','DD-Mon-YYYY'),'24F');
insert into bookings values ('13685','WJ356','X',to_date('02-Dec-2015','DD-Mon-YYYY'),'28B');
insert into bookings values ('13692','WJ1187','C',to_date('26-Jul-2015','DD-Mon-YYYY'),'7F');
insert into bookings values ('13704','AC1985','B',to_date('08-Jul-2015','DD-Mon-YYYY'),'19D');
insert into bookings values ('13759','AC1933','B',to_date('17-Oct-2015','DD-Mon-YYYY'),'19B');
insert into bookings values ('13805','WJ2029','F',to_date('11-Oct-2015','DD-Mon-YYYY'),'2B');
insert into bookings values ('13817','AC1633','N',to_date('23-Aug-2015','DD-Mon-YYYY'),'9F');
insert into bookings values ('13824','WJ750','N',to_date('07-Sep-2015','DD-Mon-YYYY'),'25D');
insert into bookings values ('13826','AC1674','E',to_date('17-Nov-2015','DD-Mon-YYYY'),'8D');
insert into bookings values ('13829','AC1628','F',to_date('09-Aug-2015','DD-Mon-YYYY'),'18D');
insert into bookings values ('13900','WJ1894','C',to_date('10-Sep-2015','DD-Mon-YYYY'),'12C');
insert into bookings values ('13910','WJ871','C',to_date('22-Dec-2015','DD-Mon-YYYY'),'29E');
insert into bookings values ('13928','WJ2368','N',to_date('26-Dec-2015','DD-Mon-YYYY'),'11D');
insert into bookings values ('13942','AC1207','F',to_date('31-Aug-2015','DD-Mon-YYYY'),'26A');
insert into bookings values ('13961','WJ1945','T',to_date('30-Nov-2015','DD-Mon-YYYY'),'13F');
insert into bookings values ('13993','WJ2029','B',to_date('04-Sep-2015','DD-Mon-YYYY'),'18B');
insert into bookings values ('13994','WJ477','E',to_date('12-Aug-2015','DD-Mon-YYYY'),'4D');
insert into bookings values ('14001','WJ982','X',to_date('18-Oct-2015','DD-Mon-YYYY'),'18F');
insert into bookings values ('14011','WJ1968','T',to_date('10-Jun-2015','DD-Mon-YYYY'),'22A');
insert into bookings values ('14123','WJ1082','T',to_date('02-Oct-2015','DD-Mon-YYYY'),'25A');
insert into bookings values ('14124','WJ759','E',to_date('02-Sep-2015','DD-Mon-YYYY'),'7D');
insert into bookings values ('14148','WJ742','X',to_date('05-Sep-2015','DD-Mon-YYYY'),'18E');
insert into bookings values ('14168','AC2378','C',to_date('10-Aug-2015','DD-Mon-YYYY'),'1F');
insert into bookings values ('14171','WJ742','E',to_date('21-Jul-2015','DD-Mon-YYYY'),'21C');
insert into bookings values ('14206','AC1933','F',to_date('01-Sep-2015','DD-Mon-YYYY'),'15A');
insert into bookings values ('14244','WJ336','N',to_date('20-Dec-2015','DD-Mon-YYYY'),'23A');
insert into bookings values ('14248','AC1756','T',to_date('14-Jun-2015','DD-Mon-YYYY'),'5C');
insert into bookings values ('14278','WJ1425','E',to_date('09-Aug-2015','DD-Mon-YYYY'),'30A');
insert into bookings values ('14283','WJ1529','B',to_date('25-Jul-2015','DD-Mon-YYYY'),'18E');
insert into bookings values ('14285','WJ336','C',to_date('26-Oct-2015','DD-Mon-YYYY'),'25B');
insert into bookings values ('14296','AC1756','B',to_date('21-Sep-2015','DD-Mon-YYYY'),'28D');
insert into bookings values ('14309','WJ858','B',to_date('31-Jul-2015','DD-Mon-YYYY'),'24E');
insert into bookings values ('14322','WJ1894','F',to_date('27-Aug-2015','DD-Mon-YYYY'),'3D');
insert into bookings values ('14324','WJ887','F',to_date('17-Dec-2015','DD-Mon-YYYY'),'9F');
insert into bookings values ('14369','WJ336','X',to_date('26-Oct-2015','DD-Mon-YYYY'),'13C');
insert into bookings values ('14377','WJ311','N',to_date('25-Aug-2015','DD-Mon-YYYY'),'13E');
insert into bookings values ('14380','WJ166','B',to_date('24-Sep-2015','DD-Mon-YYYY'),'16B');
insert into bookings values ('14421','WJ477','X',to_date('12-Aug-2015','DD-Mon-YYYY'),'11B');
insert into bookings values ('14445','AC1668','T',to_date('15-Nov-2015','DD-Mon-YYYY'),'22C');
insert into bookings values ('14449','WJ858','F',to_date('30-Nov-2015','DD-Mon-YYYY'),'9F');
insert into bookings values ('14482','WJ887','F',to_date('31-Aug-2015','DD-Mon-YYYY'),'14E');
insert into bookings values ('14495','AC1633','N',to_date('07-Dec-2015','DD-Mon-YYYY'),'6C');
insert into bookings values ('14522','WJ385','C',to_date('18-Oct-2015','DD-Mon-YYYY'),'30A');
insert into bookings values ('14543','WJ2074','F',to_date('09-Jul-2015','DD-Mon-YYYY'),'28D');
insert into bookings values ('14551','WJ1158','T',to_date('03-Sep-2015','DD-Mon-YYYY'),'25A');
insert into bookings values ('14553','WJ1894','F',to_date('17-Aug-2015','DD-Mon-YYYY'),'18D');
insert into bookings values ('14600','WJ887','B',to_date('27-Oct-2015','DD-Mon-YYYY'),'27D');
insert into bookings values ('14610','WJ137','N',to_date('17-Jul-2015','DD-Mon-YYYY'),'18B');
insert into bookings values ('14678','AC1628','B',to_date('09-Aug-2015','DD-Mon-YYYY'),'16B');
insert into bookings values ('14686','WJ2438','B',to_date('05-Sep-2015','DD-Mon-YYYY'),'26B');
insert into bookings values ('14790','WJ1916','N',to_date('06-Jun-2015','DD-Mon-YYYY'),'8A');
insert into bookings values ('14804','WJ877','T',to_date('02-Sep-2015','DD-Mon-YYYY'),'27A');
insert into bookings values ('14809','WJ1082','B',to_date('19-Nov-2015','DD-Mon-YYYY'),'18B');
insert into bookings values ('14845','AC1756','F',to_date('06-Oct-2015','DD-Mon-YYYY'),'15F');
insert into bookings values ('14850','WJ385','B',to_date('18-Oct-2015','DD-Mon-YYYY'),'2A');
insert into bookings values ('14889','WJ982','N',to_date('17-Dec-2015','DD-Mon-YYYY'),'1D');
insert into bookings values ('14908','WJ166','C',to_date('07-Jun-2015','DD-Mon-YYYY'),'28E');
insert into bookings values ('14935','AC2177','C',to_date('22-Jul-2015','DD-Mon-YYYY'),'5B');
insert into bookings values ('14945','AC173','N',to_date('29-Dec-2015','DD-Mon-YYYY'),'30D');
insert into bookings values ('14972','AC2177','B',to_date('03-Oct-2015','DD-Mon-YYYY'),'3E');
insert into bookings values ('15006','AC1628','N',to_date('09-Aug-2015','DD-Mon-YYYY'),'15A');
insert into bookings values ('15047','WJ1079','F',to_date('29-Nov-2015','DD-Mon-YYYY'),'18B');
insert into bookings values ('15051','WJ1187','X',to_date('20-Oct-2015','DD-Mon-YYYY'),'10E');
insert into bookings values ('15088','AC1658','C',to_date('21-Aug-2015','DD-Mon-YYYY'),'9D');
insert into bookings values ('15106','AC1756','T',to_date('14-Jun-2015','DD-Mon-YYYY'),'21A');
insert into bookings values ('15117','AC1780','F',to_date('14-Oct-2015','DD-Mon-YYYY'),'16C');
insert into bookings values ('15131','WJ1158','T',to_date('24-Aug-2015','DD-Mon-YYYY'),'23D');
insert into bookings values ('15145','WJ320','B',to_date('10-Aug-2015','DD-Mon-YYYY'),'17C');
insert into bookings values ('15147','WJ1559','C',to_date('18-Dec-2015','DD-Mon-YYYY'),'19B');
insert into bookings values ('15150','WJ871','N',to_date('12-Jun-2015','DD-Mon-YYYY'),'3B');
insert into bookings values ('15162','AC1633','N',to_date('23-Jun-2015','DD-Mon-YYYY'),'24E');
insert into bookings values ('15198','WJ606','T',to_date('06-Oct-2015','DD-Mon-YYYY'),'3D');
insert into bookings values ('15263','WJ214','F',to_date('14-Jul-2015','DD-Mon-YYYY'),'30D');
insert into bookings values ('15271','WJ1187','F',to_date('26-Oct-2015','DD-Mon-YYYY'),'18B');
insert into bookings values ('15283','WJ313','B',to_date('19-Oct-2015','DD-Mon-YYYY'),'9C');
insert into bookings values ('15301','AC2286','C',to_date('01-Jun-2015','DD-Mon-YYYY'),'30B');
insert into bookings values ('15354','AC1674','E',to_date('18-Dec-2015','DD-Mon-YYYY'),'1C');
insert into bookings values ('15363','WJ2029','X',to_date('02-Aug-2015','DD-Mon-YYYY'),'20D');
insert into bookings values ('15402','AC282','N',to_date('29-Dec-2015','DD-Mon-YYYY'),'24C');
insert into bookings values ('15426','WJ518','B',to_date('01-Sep-2015','DD-Mon-YYYY'),'19A');
insert into bookings values ('15438','WJ1524','N',to_date('20-Jun-2015','DD-Mon-YYYY'),'27C');
insert into bookings values ('15447','WJ1945','B',to_date('27-Dec-2015','DD-Mon-YYYY'),'26D');
insert into bookings values ('15464','WJ1112','N',to_date('05-Nov-2015','DD-Mon-YYYY'),'17A');
insert into bookings values ('15508','WJ1319','X',to_date('03-Sep-2015','DD-Mon-YYYY'),'20D');
insert into bookings values ('15515','WJ2074','E',to_date('24-Jun-2015','DD-Mon-YYYY'),'2B');
insert into bookings values ('15569','AC499','N',to_date('20-Nov-2015','DD-Mon-YYYY'),'29B');
insert into bookings values ('15589','WJ356','X',to_date('22-Aug-2015','DD-Mon-YYYY'),'8E');
insert into bookings values ('15600','WJ220','X',to_date('29-Oct-2015','DD-Mon-YYYY'),'25B');
insert into bookings values ('15612','WJ2368','E',to_date('26-Dec-2015','DD-Mon-YYYY'),'14D');
insert into bookings values ('15639','WJ1158','T',to_date('20-Oct-2015','DD-Mon-YYYY'),'14E');
insert into bookings values ('15642','AC343','X',to_date('14-Jul-2015','DD-Mon-YYYY'),'30F');
insert into bookings values ('15645','WJ1311','X',to_date('23-Dec-2015','DD-Mon-YYYY'),'24C');
insert into bookings values ('15683','WJ2106','B',to_date('26-Aug-2015','DD-Mon-YYYY'),'26B');
insert into bookings values ('15739','WJ442','E',to_date('10-Aug-2015','DD-Mon-YYYY'),'26C');
insert into bookings values ('15744','WJ1968','C',to_date('10-Jun-2015','DD-Mon-YYYY'),'23A');
insert into bookings values ('15762','WJ385','B',to_date('12-Jul-2015','DD-Mon-YYYY'),'10E');
insert into bookings values ('15767','AC1668','F',to_date('18-Jul-2015','DD-Mon-YYYY'),'1D');
insert into bookings values ('15780','WJ1622','T',to_date('03-Oct-2015','DD-Mon-YYYY'),'4E');
insert into bookings values ('15923','WJ1319','E',to_date('27-Nov-2015','DD-Mon-YYYY'),'12E');
insert into bookings values ('15924','WJ1319','C',to_date('15-Dec-2015','DD-Mon-YYYY'),'13C');
insert into bookings values ('15931','WJ220','C',to_date('16-Aug-2015','DD-Mon-YYYY'),'28C');
insert into bookings values ('15940','WJ708','C',to_date('24-Nov-2015','DD-Mon-YYYY'),'7B');
insert into bookings values ('15950','AC1048','N',to_date('12-Oct-2015','DD-Mon-YYYY'),'12C');
insert into bookings values ('16031','WJ877','X',to_date('02-Sep-2015','DD-Mon-YYYY'),'13C');
insert into bookings values ('16034','AC343','F',to_date('14-Jul-2015','DD-Mon-YYYY'),'30D');
insert into bookings values ('16053','WJ759','T',to_date('31-Dec-2015','DD-Mon-YYYY'),'18A');
insert into bookings values ('16063','AC1794','X',to_date('02-Jun-2015','DD-Mon-YYYY'),'24E');
insert into bookings values ('16064','WJ214','X',to_date('27-Dec-2015','DD-Mon-YYYY'),'18C');
insert into bookings values ('16075','WJ930','N',to_date('26-Dec-2015','DD-Mon-YYYY'),'24E');
insert into bookings values ('16100','WJ1112','C',to_date('11-Dec-2015','DD-Mon-YYYY'),'14C');
insert into bookings values ('16124','WJ220','T',to_date('01-Oct-2015','DD-Mon-YYYY'),'10C');
insert into bookings values ('16131','WJ1945','B',to_date('30-Dec-2015','DD-Mon-YYYY'),'13F');
insert into bookings values ('16144','WJ2029','X',to_date('11-Oct-2015','DD-Mon-YYYY'),'7F');
insert into bookings values ('16215','WJ137','F',to_date('26-Jul-2015','DD-Mon-YYYY'),'19C');
insert into bookings values ('16253','WJ2271','C',to_date('30-Dec-2015','DD-Mon-YYYY'),'28F');
insert into bookings values ('16259','AC1149','B',to_date('25-Oct-2015','DD-Mon-YYYY'),'29C');
insert into bookings values ('16261','WJ1894','T',to_date('10-Sep-2015','DD-Mon-YYYY'),'9D');
insert into bookings values ('16305','WJ676','E',to_date('06-Aug-2015','DD-Mon-YYYY'),'20D');
insert into bookings values ('16323','WJ892','X',to_date('08-Oct-2015','DD-Mon-YYYY'),'21E');
insert into bookings values ('16325','AC1633','X',to_date('07-Dec-2015','DD-Mon-YYYY'),'21C');
insert into bookings values ('16333','AC1149','F',to_date('10-Sep-2015','DD-Mon-YYYY'),'29C');
insert into bookings values ('16382','AC2123','B',to_date('08-Jul-2015','DD-Mon-YYYY'),'20F');
insert into bookings values ('16386','AC2177','N',to_date('23-Dec-2015','DD-Mon-YYYY'),'21C');
insert into bookings values ('16398','AC2378','T',to_date('10-Aug-2015','DD-Mon-YYYY'),'8A');
insert into bookings values ('16407','AC282','X',to_date('16-Aug-2015','DD-Mon-YYYY'),'11E');
insert into bookings values ('16411','WJ676','B',to_date('05-Dec-2015','DD-Mon-YYYY'),'18F');
insert into bookings values ('16415','WJ871','X',to_date('21-Dec-2015','DD-Mon-YYYY'),'8F');
insert into bookings values ('16469','WJ606','F',to_date('15-Sep-2015','DD-Mon-YYYY'),'3B');
insert into bookings values ('16473','WJ311','X',to_date('14-Jul-2015','DD-Mon-YYYY'),'13C');
insert into bookings values ('16529','WJ1187','T',to_date('28-Jul-2015','DD-Mon-YYYY'),'29D');
insert into bookings values ('16540','WJ676','X',to_date('19-Aug-2015','DD-Mon-YYYY'),'2A');
insert into bookings values ('16560','WJ742','E',to_date('31-Aug-2015','DD-Mon-YYYY'),'17C');
insert into bookings values ('16571','WJ1976','F',to_date('10-Aug-2015','DD-Mon-YYYY'),'28F');
insert into bookings values ('16611','WJ1934','N',to_date('14-Oct-2015','DD-Mon-YYYY'),'16D');
insert into bookings values ('16712','WJ750','N',to_date('07-Sep-2015','DD-Mon-YYYY'),'13F');
insert into bookings values ('16713','AC1553','X',to_date('01-Aug-2015','DD-Mon-YYYY'),'16C');
insert into bookings values ('16724','WJ1622','T',to_date('06-Jul-2015','DD-Mon-YYYY'),'27A');
insert into bookings values ('16742','WJ356','F',to_date('02-Dec-2015','DD-Mon-YYYY'),'10B');
insert into bookings values ('16746','AC1553','X',to_date('22-Jul-2015','DD-Mon-YYYY'),'26E');
insert into bookings values ('16752','AC2231','T',to_date('13-Oct-2015','DD-Mon-YYYY'),'11A');
insert into bookings values ('16754','AC2419','B',to_date('27-Aug-2015','DD-Mon-YYYY'),'30E');
insert into bookings values ('16763','WJ1425','N',to_date('15-Jul-2015','DD-Mon-YYYY'),'24C');
insert into bookings values ('16842','WJ708','B',to_date('15-Nov-2015','DD-Mon-YYYY'),'17B');
insert into bookings values ('16962','WJ1559','X',to_date('07-Dec-2015','DD-Mon-YYYY'),'2A');
insert into bookings values ('16973','AC1628','N',to_date('16-Nov-2015','DD-Mon-YYYY'),'23B');
insert into bookings values ('17008','AC1633','F',to_date('07-Dec-2015','DD-Mon-YYYY'),'4E');
insert into bookings values ('17082','AC1633','F',to_date('02-Jun-2015','DD-Mon-YYYY'),'16B');
insert into bookings values ('17096','AC685','X',to_date('23-Aug-2015','DD-Mon-YYYY'),'4C');
insert into bookings values ('17118','WJ1311','E',to_date('23-Dec-2015','DD-Mon-YYYY'),'11D');
insert into bookings values ('17138','WJ759','T',to_date('19-Dec-2015','DD-Mon-YYYY'),'10F');
insert into bookings values ('17147','WJ311','X',to_date('12-Aug-2015','DD-Mon-YYYY'),'21C');
insert into bookings values ('17175','AC1633','N',to_date('23-Aug-2015','DD-Mon-YYYY'),'28F');
insert into bookings values ('17195','WJ1968','X',to_date('30-Nov-2015','DD-Mon-YYYY'),'1B');
insert into bookings values ('17205','WJ1060','F',to_date('07-Dec-2015','DD-Mon-YYYY'),'4F');
insert into bookings values ('17232','AC1628','F',to_date('16-Nov-2015','DD-Mon-YYYY'),'24C');
insert into bookings values ('17275','WJ930','T',to_date('09-Oct-2015','DD-Mon-YYYY'),'10E');
insert into bookings values ('17295','WJ1319','E',to_date('03-Sep-2015','DD-Mon-YYYY'),'12C');
insert into bookings values ('17299','WJ320','C',to_date('10-Aug-2015','DD-Mon-YYYY'),'15D');
insert into bookings values ('17321','WJ277','N',to_date('18-Jun-2015','DD-Mon-YYYY'),'22F');
insert into bookings values ('17380','WJ1894','F',to_date('10-Sep-2015','DD-Mon-YYYY'),'24D');
insert into bookings values ('17429','WJ385','N',to_date('02-Dec-2015','DD-Mon-YYYY'),'26C');
insert into bookings values ('17437','AC2007','X',to_date('06-Jun-2015','DD-Mon-YYYY'),'24C');
insert into bookings values ('17445','WJ1079','F',to_date('29-Nov-2015','DD-Mon-YYYY'),'4A');
insert into bookings values ('17459','WJ1559','E',to_date('07-Dec-2015','DD-Mon-YYYY'),'15B');
insert into bookings values ('17479','AC1674','B',to_date('13-Aug-2015','DD-Mon-YYYY'),'24D');
insert into bookings values ('17506','AC1674','C',to_date('24-Jul-2015','DD-Mon-YYYY'),'9A');
insert into bookings values ('17543','AC2007','C',to_date('12-Dec-2015','DD-Mon-YYYY'),'6D');
insert into bookings values ('17647','WJ1082','N',to_date('12-Jun-2015','DD-Mon-YYYY'),'15F');
insert into bookings values ('17674','WJ1274','X',to_date('27-Aug-2015','DD-Mon-YYYY'),'8E');
insert into bookings values ('17721','AC1909','E',to_date('05-Sep-2015','DD-Mon-YYYY'),'29A');
insert into bookings values ('17792','WJ476','N',to_date('05-Aug-2015','DD-Mon-YYYY'),'6F');
insert into bookings values ('17814','AC2177','F',to_date('25-Jul-2015','DD-Mon-YYYY'),'9E');
insert into bookings values ('17815','WJ220','T',to_date('01-Oct-2015','DD-Mon-YYYY'),'17C');
insert into bookings values ('17829','AC499','C',to_date('31-Jul-2015','DD-Mon-YYYY'),'19D');
insert into bookings values ('17846','WJ1187','F',to_date('26-Oct-2015','DD-Mon-YYYY'),'7E');
insert into bookings values ('17851','WJ2438','N',to_date('03-Jun-2015','DD-Mon-YYYY'),'9A');
insert into bookings values ('17852','WJ676','T',to_date('05-Dec-2015','DD-Mon-YYYY'),'15D');
insert into bookings values ('17860','WJ871','X',to_date('22-Jun-2015','DD-Mon-YYYY'),'18F');
insert into bookings values ('17861','WJ1622','B',to_date('21-Nov-2015','DD-Mon-YYYY'),'16D');
insert into bookings values ('17874','WJ676','T',to_date('02-Jul-2015','DD-Mon-YYYY'),'1C');
insert into bookings values ('17942','WJ676','B',to_date('05-Dec-2015','DD-Mon-YYYY'),'18B');
insert into bookings values ('18032','WJ2368','T',to_date('08-Aug-2015','DD-Mon-YYYY'),'27A');
insert into bookings values ('18084','AC1048','F',to_date('12-Oct-2015','DD-Mon-YYYY'),'7C');
insert into bookings values ('18127','WJ1274','C',to_date('23-Jul-2015','DD-Mon-YYYY'),'27F');
insert into bookings values ('18196','WJ385','F',to_date('02-Dec-2015','DD-Mon-YYYY'),'30B');
insert into bookings values ('18201','AC1780','N',to_date('14-Oct-2015','DD-Mon-YYYY'),'4C');
insert into bookings values ('18311','WJ759','F',to_date('22-Jun-2015','DD-Mon-YYYY'),'15D');
insert into bookings values ('18346','WJ1559','E',to_date('15-Nov-2015','DD-Mon-YYYY'),'4C');
insert into bookings values ('18357','AC1658','C',to_date('21-Aug-2015','DD-Mon-YYYY'),'26D');
insert into bookings values ('18379','WJ2438','B',to_date('22-Jul-2015','DD-Mon-YYYY'),'18E');
insert into bookings values ('18391','AC1674','T',to_date('24-Jul-2015','DD-Mon-YYYY'),'15F');
insert into bookings values ('18402','WJ1934','C',to_date('14-Oct-2015','DD-Mon-YYYY'),'13B');
insert into bookings values ('18445','WJ2106','T',to_date('12-Jun-2015','DD-Mon-YYYY'),'19B');
insert into bookings values ('18488','AC1149','B',to_date('29-Jun-2015','DD-Mon-YYYY'),'2D');
insert into bookings values ('18503','AC499','X',to_date('20-Nov-2015','DD-Mon-YYYY'),'24C');
insert into bookings values ('18526','WJ871','N',to_date('22-Dec-2015','DD-Mon-YYYY'),'11B');
insert into bookings values ('18582','AC685','X',to_date('28-Jul-2015','DD-Mon-YYYY'),'13D');
insert into bookings values ('18590','AC1207','X',to_date('31-Dec-2015','DD-Mon-YYYY'),'18D');
insert into bookings values ('18595','AC1756','B',to_date('21-Sep-2015','DD-Mon-YYYY'),'21D');
insert into bookings values ('18647','WJ750','E',to_date('07-Sep-2015','DD-Mon-YYYY'),'8C');
insert into bookings values ('18682','WJ887','X',to_date('17-Dec-2015','DD-Mon-YYYY'),'2D');
insert into bookings values ('18766','WJ166','C',to_date('07-Oct-2015','DD-Mon-YYYY'),'24F');
insert into bookings values ('18779','WJ871','T',to_date('22-Dec-2015','DD-Mon-YYYY'),'20B');
insert into bookings values ('18790','WJ871','N',to_date('12-Jun-2015','DD-Mon-YYYY'),'19C');
insert into bookings values ('18803','WJ1425','F',to_date('29-Jun-2015','DD-Mon-YYYY'),'15B');
insert into bookings values ('18825','WJ1853','F',to_date('25-Sep-2015','DD-Mon-YYYY'),'10E');
insert into bookings values ('18864','WJ477','N',to_date('18-Jul-2015','DD-Mon-YYYY'),'11E');
insert into bookings values ('18878','WJ477','N',to_date('18-Jul-2015','DD-Mon-YYYY'),'2C');
insert into bookings values ('18894','WJ930','N',to_date('10-Dec-2015','DD-Mon-YYYY'),'29F');
insert into bookings values ('18928','AC1756','T',to_date('26-Dec-2015','DD-Mon-YYYY'),'19C');
insert into bookings values ('18930','WJ1853','C',to_date('25-Sep-2015','DD-Mon-YYYY'),'28A');
insert into bookings values ('18959','AC2231','E',to_date('13-Aug-2015','DD-Mon-YYYY'),'8F');
insert into bookings values ('18976','AC1048','N',to_date('11-Jun-2015','DD-Mon-YYYY'),'3B');
insert into bookings values ('18987','WJ442','E',to_date('02-Aug-2015','DD-Mon-YYYY'),'21C');
insert into bookings values ('18997','WJ1079','E',to_date('24-Sep-2015','DD-Mon-YYYY'),'10C');
insert into bookings values ('19009','AC1628','N',to_date('30-Jun-2015','DD-Mon-YYYY'),'26A');
insert into bookings values ('19044','WJ606','N',to_date('18-Nov-2015','DD-Mon-YYYY'),'3F');
insert into bookings values ('19053','WJ871','N',to_date('21-Dec-2015','DD-Mon-YYYY'),'10C');
insert into bookings values ('19056','WJ1825','X',to_date('19-Dec-2015','DD-Mon-YYYY'),'29C');
insert into bookings values ('19063','WJ277','F',to_date('19-Nov-2015','DD-Mon-YYYY'),'28E');
insert into bookings values ('19095','AC2286','T',to_date('01-Jun-2015','DD-Mon-YYYY'),'25F');
insert into bookings values ('19138','AC499','B',to_date('31-Dec-2015','DD-Mon-YYYY'),'26C');
insert into bookings values ('19173','WJ1976','E',to_date('23-Nov-2015','DD-Mon-YYYY'),'30D');
insert into bookings values ('19184','WJ708','N',to_date('30-Sep-2015','DD-Mon-YYYY'),'19A');
insert into bookings values ('19209','AC2123','F',to_date('08-Jul-2015','DD-Mon-YYYY'),'11D');
insert into bookings values ('19224','AC1564','N',to_date('20-Nov-2015','DD-Mon-YYYY'),'20D');
insert into bookings values ('19265','WJ476','C',to_date('11-Jul-2015','DD-Mon-YYYY'),'11C');
insert into bookings values ('19271','AC1001','X',to_date('21-Dec-2015','DD-Mon-YYYY'),'5A');
insert into bookings values ('19277','WJ2054','N',to_date('27-Dec-2015','DD-Mon-YYYY'),'29B');
insert into bookings values ('19305','WJ2489','C',to_date('30-Nov-2015','DD-Mon-YYYY'),'5C');
insert into bookings values ('19339','WJ650','B',to_date('07-Aug-2015','DD-Mon-YYYY'),'19B');
insert into bookings values ('19342','WJ1309','F',to_date('26-Sep-2015','DD-Mon-YYYY'),'10F');
insert into bookings values ('19384','WJ1311','X',to_date('11-Sep-2015','DD-Mon-YYYY'),'29B');
insert into bookings values ('19450','WJ708','N',to_date('15-Nov-2015','DD-Mon-YYYY'),'16B');
insert into bookings values ('19468','WJ1529','E',to_date('20-Jun-2015','DD-Mon-YYYY'),'25D');
insert into bookings values ('19488','AC1633','N',to_date('02-Jun-2015','DD-Mon-YYYY'),'13C');
insert into bookings values ('19492','WJ1853','N',to_date('11-Oct-2015','DD-Mon-YYYY'),'14A');
insert into bookings values ('19513','AC1146','E',to_date('20-Sep-2015','DD-Mon-YYYY'),'22C');
insert into bookings values ('19569','WJ759','F',to_date('02-Sep-2015','DD-Mon-YYYY'),'1C');
insert into bookings values ('19583','WJ2074','T',to_date('09-Jul-2015','DD-Mon-YYYY'),'4E');
insert into bookings values ('19593','WJ877','N',to_date('20-Jun-2015','DD-Mon-YYYY'),'9F');
insert into bookings values ('19594','WJ2074','X',to_date('04-Nov-2015','DD-Mon-YYYY'),'21A');
insert into bookings values ('19604','AC1564','E',to_date('22-Dec-2015','DD-Mon-YYYY'),'22E');
insert into bookings values ('19627','WJ1622','E',to_date('31-Jul-2015','DD-Mon-YYYY'),'26B');
insert into bookings values ('19636','AC1171','E',to_date('26-Jul-2015','DD-Mon-YYYY'),'22D');



insert into passengers values ('RaynaConn@e.ca','1234','');
insert into passengers values ('Glennis@e.ca','1234','');
insert into passengers values ('UteAudette@e.ca','1234','');
insert into passengers values ('DanicaDudgeon@e.ca','1234','');
insert into passengers values ('BrittanieMento@e.ca','1234','');
insert into passengers values ('Shaniqua@e.ca','1234','');
insert into passengers values ('Evelin@e.ca','1234','');
insert into passengers values ('KenaRuhland@e.ca','1234','');
insert into passengers values ('DarylManzano@e.ca','1234','');
insert into passengers values ('EloisDouthitt@e.ca','1234','');
insert into passengers values ('SelmaCaddy@e.ca','1234','');
insert into passengers values ('AlmedaCoto@e.ca','1234','');
insert into passengers values ('Lizeth@e.ca','1234','');
insert into passengers values ('KerriSterba@e.ca','1234','');
insert into passengers values ('KinaMcelfresh@e.ca','1234','');
insert into passengers values ('JerleneBeam@e.ca','1234','');
insert into passengers values ('KamilahSwin@e.ca','1234','');
insert into passengers values ('JacquiHatton@e.ca','1234','');
insert into passengers values ('NoellaStras@e.ca','1234','');
insert into passengers values ('CourtneyThao@e.ca','1234','');
insert into passengers values ('SuzieSerrata@e.ca','1234','');
insert into passengers values ('ReaganSouth@e.ca','1234','');
insert into passengers values ('JohnnaChoud@e.ca','1234','');
insert into passengers values ('ElyseOaks@e.ca','1234','');
insert into passengers values ('DelilaBruegge@e.ca','1234','');
insert into passengers values ('ElbertDolphin@e.ca','1234','');
insert into passengers values ('AlvertaLietz@e.ca','1234','');
insert into passengers values ('AileenDaniell@e.ca','1234','');
insert into passengers values ('AnnisTalton@e.ca','1234','');
insert into passengers values ('MetaGarlock@e.ca','1234','');
insert into passengers values ('GarnetAndres@e.ca','1234','');
insert into passengers values ('ShantaePoppe@e.ca','1234','');
insert into passengers values ('JaquelineBonet@e.ca','1234','');
insert into passengers values ('RyannCarreno@e.ca','1234','');
insert into passengers values ('CharisSpeaker@e.ca','1234','');
insert into passengers values ('SetsukoBeck@e.ca','1234','');
insert into passengers values ('ChanellBorth@e.ca','1234','');
insert into passengers values ('BilliBradt@e.ca','1234','');
insert into passengers values ('UlaStyers@e.ca','1234','');
insert into passengers values ('BetseyMcclaran@e.ca','1234','');
insert into passengers values ('SamuelDipaolo@e.ca','1234','');
insert into passengers values ('JanellaWeis@e.ca','1234','');
insert into passengers values ('ChristoperBatt@e.ca','1234','');
insert into passengers values ('BeulaMcmichael@e.ca','1234','');
insert into passengers values ('IdellaKai@e.ca','1234','');
insert into passengers values ('MargareteLudl@e.ca','1234','');
insert into passengers values ('DottyBarsh@e.ca','1234','');
insert into passengers values ('AshantiTrice@e.ca','1234','');
insert into passengers values ('ExieNeidert@e.ca','1234','');
insert into passengers values ('RenaeEscamilla@e.ca','1234','');
